batch_id,files
2010-v13-n1,"01_de@20pasquale.pdf,02_bozanic.pdf,03_spinelli.pdf,04_iliescu.pdf,05_dragoi.pdf,06_goras.pdf,08_weststrate.pdf"
2010-v13-n2,"adorna.pdf,christinal.pdf,diazpernil.pdf,foreword_001.pdf,lefticaru.pdf,leporati.pdf,obtulowiczprel.pdf,porreca.pdf,sburlan@20prel.pdf"
2010-v13-n3,"cgiurgiu.pdf,dburileanu.pdf,klazar.pdf,kmarton.pdf"
2010-v13-n4,"01-chesaru.pdf,02-kliros.pdf,03-cobianu.pdf,04-bragaru.pdf,05-mihailescu.pdf,06-damaceanu.pdf,07-volmer.pdf,08-rusu.pdf"
2011-v14-n1,"01-mgheorghe.pdf,02-padmavatimetta.pdf,03-dtdmetrics.pdf,04-tionescu.pdf,05-hadjkhalifa.pdf,06-adriandarabant.pdf"
2011-v14-n2,"01-mgoosen.pdf,02-rcojan.pdf,03-dbhatnagar.pdf,04-mdilie.pdf,05-rradescu.pdf,06-vniculescu.pdf,07-idinca.pdf"
2011-v14-n3,"01-ravariu.pdf,02-cismaru.pdf,03-serban.pdf,04-neacsu.pdf,05-rusu.pdf,06-stanescu.pdf,07-giacomozzi.pdf,08-bunea.pdf,09-buiculescu.pdf"
2011-v14-n4,"01-sirbu.pdf,02-nedelcu.pdf,03-gkosa.pdf,04-astefanescu.pdf,05-evasile.pdf,06-dragoi.pdf,07-ionascu.pdf,08-skim.pdf,09-ttulbure.pdf"
2012-v15-n1,"00-prefata.pdf,01-cabarle.pdf,02-jebasingh.pdf,03-niu.pdf,04-li.pdf,05-muniyandi.pdf"
2012-v15-n2,"01-gciobanu2012.pdf,02-franti.pdf,03-crawford.pdf,04-tahir@20khan.pdf,05-jchaudhry.pdf,06-sakashe.pdf"
2012-v15-n3,"01-gciobanu.pdf,02-lpetrica.pdf,03-mdilie.pdf,04-kgsubramanian.pdf,05-ychen.pdf,06-ocret_001.pdf"
2012-v15-n4,"01-aramanujan.pdf,02-cmandal.pdf,03-rchang.pdf,04-pstanimirovic.pdf,05-mkusko.pdf,06-efranti.pdf"
2013-v16-n1,"01-petr@20sosik.pdf,02-ozgur@20ege.pdf,03-mrusu.pdf,04-wpalma.pdf,05-myousefikhoshbakht.pdf,06-lvintan.pdf"
2013-v16-n2,"00-foreword.pdf,01-spariosu.pdf,02-malita-stefan1.pdf,03-trausanmatu.pdf,04-schloer.pdf,05-malita-stefan2.pdf,06-cremene.pdf,07-suciu.pdf,08-neumann.pdf,09-jecan.pdf"
2013-v16-n4,"01-lingpingzhong.pdf,02-gciobanu2013.pdf,03-hitendragarg.pdf,04-mandreica.pdf,05-pingli.pdf,06-lpetrica.pdf,07-bozhou.pdf,08-amdelrey.pdf,09-sbansal.pdf"
2014-v17-n1,"00-preface.pdf,01-kjiang.pdf,02-ykong.pdf,03-vpmetta.pdf,04-rnicolescu.pdf,05-hpengyyang.pdf,06-hpengjzhang.pdf,07-iperezhurtado.pdf,08-kgsubramanian.pdf"
2014-v17-n2,"cbira2014.pdf,gpop2014.pdf,lvintan2014.pdf,pgrzegorek2014.pdf,rsoto2014.pdf,taosong2014.pdf"
2014-v17-n3,"01-cboiangiu2014.pdf,02-zhuyan2014.pdf,03-msaracevic2014.pdf,04-wpalma2014.pdf,05-gciobanu2014.pdf,06-ichitescu2014.pdf"
2014-v17-n4,"01-abunea.pdf,02-igiangu.pdf,03-rpascu.pdf,04-ivornicu.pdf,05-fbiziitu.pdf,06-rtudor.pdf,07-tsandu.pdf,08-vbanu.pdf"
2015-v18-n1,"01-spopescu.pdf,02-msys.pdf,03-hcucu.pdf,04-lpetrica.pdf,05-ichitescu.pdf,06-ocret.pdf"
2015-v18-n2,"01-mpaun.pdf,02-vmaican.pdf,03-mimran.pdf,04-hnteodorescu.pdf,05-isimecek.pdf"
2015-v18-n3,"00-preface_001.pdf,01-diazpernil.pdf,03-jwang.pdf,04-twang1.pdf,05-twang2.pdf,06-zzhang.pdf"
2015-v18-n4,"01-radu@20radescu.pdf,02-frunza.pdf,03-lazar.pdf,04-volmer.pdf,05-amariutei.pdf,06-mapaun.pdf,07-apurdila.pdf"
2016-v19-n3,"buiculescu.pdf,bunea.pdf,enache.pdf,fanoro.pdf,gheorghe.pdf,istrate.tex.pdf,saurabh.pdf,voicu.tex.pdf"
2016-v19-n4,"gasanov.pdf,ionescu.pdf,mahaligam.pdf,milea.pdf,monica@20dascalu.pdf,shukla.pdf"
2017-v20-n1,"foreword.pdf,paper1.pdf,paper2.pdf,paper3.pdf,paper4.pdf,paper5.pdf,paper6.pdf"
2018-v21-n1,"paper577.pdf,paper578.pdf,paper579.pdf,paper580.pdf,paper581.pdf,paper582.pdf,paper583.pdf"
2018-v21-n2,"paper584.pdf,paper585.pdf,paper586.pdf,paper587.pdf,paper588.pdf,paper589.pdf,paper590.pdf,paper591.pdf,paper592.pdf"
2018-v21-n3,"paper593.pdf,paper594.pdf,paper595.pdf,paper596.pdf,paper597.pdf,paper598.pdf,paper599.pdf,paper600.pdf,paper601.pdf,paper602.pdf,paper603.pdf"
2018-v21-n4,"paper604.pdf,paper605.pdf,paper606.pdf,paper607.pdf,paper608.pdf,paper609.pdf,paper610.pdf,paper611.pdf,paper612.pdf,paper613.pdf"
2019-v22-n1,"paper614.pdf,paper615.pdf,paper616.pdf,paper617.pdf,paper618.pdf,paper619.pdf,paper620.pdf"
2019-v22-n2,"paper621.pdf,paper622.pdf,paper623.pdf,paper624.pdf,paper625.pdf,paper626.pdf"
2019-v22-n34,"paper627.pdf,paper628.pdf,paper629.pdf,paper630.pdf,paper631.pdf,paper632.pdf,paper633.pdf,paper634.pdf"
2020-v23-n1,"paper635.pdf,paper636.pdf,paper637.pdf,paper638.pdf,paper639.pdf,paper640.pdf,paper641.pdf"
2020-v23-n2,"paper642.pdf,paper643.pdf,paper644.pdf,paper645.pdf,paper646.pdf,paper647.pdf,paper648.pdf"
2020-v23-n3,"paper659.pdf,paper660.pdf,paper661.pdf,paper662.pdf,paper663.pdf,paper664.pdf,paper665.pdf"
2020-v23-n4,"paper666.pdf,paper667.pdf,paper668.pdf"
2020-v23-nS,"paper649.pdf,paper650.pdf,paper651.pdf,paper652.pdf,paper653.pdf,paper654.pdf,paper655.pdf,paper656.pdf,paper657.pdf,paper658.pdf"
2020-v23-nT,"paper669.pdf,paper670.pdf,paper671.pdf,paper672.pdf,paper673.pdf,paper674.pdf,paper675.pdf,paper676.pdf"
2021-v24-n1,"paper677.pdf,paper678.pdf,paper679.pdf,paper680.pdf,paper681.pdf,paper682.pdf,paper683.pdf"
2021-v24-n2,"paper684.pdf,paper685.pdf,paper686.pdf,paper687.pdf,paper688.pdf,paper689.pdf,paper690.pdf,paper691.pdf,paper692.pdf"
2021-v24-n3,"paper693.pdf,paper694.pdf,paper695.pdf,paper696.pdf"
2021-v24-n4,"paper697.pdf,paper698.pdf,paper699.pdf,paper700.pdf,paper701.pdf,paper702.pdf"
2022-v25-n1,"paper703.pdf,paper704.pdf,paper705.pdf,paper706.pdf,paper707.pdf,paper708.pdf,paper709.pdf,paper710.pdf"
2022-v25-n2,"paper711.pdf,paper712.pdf,paper713.pdf,paper714.pdf,paper715.pdf,paper716.pdf,paper717.pdf,paper718.pdf,paper719.pdf,paper720.pdf,paper721.pdf"
2022-v25-n34,"paper722.pdf,paper723.pdf,paper724.pdf,paper725.pdf,paper726.pdf,paper727.pdf,paper728.pdf"
2023-v26-n1,"paper729.pdf,paper730.pdf,paper731.pdf,paper732.pdf,paper733.pdf,paper734.pdf,paper735.pdf"
2023-v26-n2,"paper736.pdf,paper737.pdf,paper738.pdf,paper739.pdf,paper740.pdf,paper741.pdf,paper742.pdf,paper743.pdf,paper744.pdf,paper745.pdf,paper746.pdf"
2023-v26-n34,"paper747.pdf,paper748.pdf,paper749.pdf,paper750.pdf,paper751.pdf,paper752.pdf,paper753.pdf,paper754.pdf,paper755.pdf,paper756.pdf,paper757.pdf"
2024-v27-n1,"paper758.pdf,paper759.pdf,paper760.pdf,paper761.pdf,paper762.pdf,paper763.pdf,paper764.pdf,paper765.pdf"
2024-v27-n2,"paper766.pdf,paper767.pdf,paper768.pdf,paper769.pdf,paper770.pdf,paper771.pdf,paper772.pdf,paper773.pdf,paper774.pdf,paper775.pdf,paper776.pdf"
2024-v27-n34,"paper777.pdf,paper778.pdf,paper779.pdf,paper780.pdf,paper781.pdf,paper782.pdf,paper783.pdf,paper784.pdf,paper785.pdf"
2025-v28-n1,"paper787.pdf,paper788.pdf,paper789.pdf,paper790.pdf,paper791.pdf,paper792.pdf,paper793.pdf,paper794.pdf"
2025-v28-n2,"paper795.pdf,paper796.pdf,paper797.pdf,paper798.pdf,paper799.pdf,paper800.pdf,paper801.pdf,paper802.pdf,paper803.pdf,paper804.pdf,paper805.pdf"
2025-v28-n3,"paper806.pdf,paper807.pdf,paper808.pdf,paper809.pdf,paper810.pdf"
2025-v28-n4,"paper811.pdf,paper812.pdf,paper813.pdf,paper814.pdf,paper815.pdf,paper816.pdf"
