batch_id,source_file,bytes,sha256,text_chars,text_sha256
2010-v13-n1,01_de@20pasquale.pdf,1845495,e622d1d1b23124c60da4d29259e33dd64052a692baea9e009f25df16e0495169,48012,5583a1184d201c64dd4074f34d2c558eff7e20323bffb38a4800b11b7cbed2d1
2010-v13-n1,02_bozanic.pdf,603896,5a3d0049693be78dc3d281ecfe7f011ad0073f408e95ff9d694c85a589ad961f,20164,bba583cf9849a5c1d9b0c3f117fbdceb24713048be22b7834f31232027cb9d46
2010-v13-n1,03_spinelli.pdf,1301922,036ad4b90f91d5f24a2bacf3e8865bb21de479eb67d79e2cb61f681a986004cc,27565,9a9fcb5db3a3ac2e938a168387204aa85eb7a6529e25fc3dec1504dde65f11dc
2010-v13-n1,04_iliescu.pdf,650767,8f1251123cd2f1336b8cd87f2b033e49098af840a81e64fffed83245bf574ea4,35735,d1d27aaa94ef6db671a2615bd2b44a635903077df13a20f6fda41784ad01383b
2010-v13-n1,05_dragoi.pdf,329957,be98c1f91f8342a74a7a7eac7cd628e3be87254dd96ceed4c7363f1db6cca471,18552,93e483eeb728caae38af66f42b48ea0faf365f209da257f13abfa260d3f9aac7
2010-v13-n1,06_goras.pdf,450402,aef030620d082e68d4141c9170ff9f2f0b480b9ab825a93ca745ef80a6b2ff06,22712,26628fc652aecabd7f03527ef0f7bf44646471c32b4129e0b911972204cc5e3e
2010-v13-n1,08_weststrate.pdf,253041,1c926ccbc29b9b9f52fc9d10799807f9b60d5ab8f34dbfdf7a978685c7037b80,24513,ad3c519625bc0cabd927d92e258d625968203119b25f9dad5f28cb1f6b76e778
2010-v13-n2,adorna.pdf,262321,8ecf4aaf4b04efe0ae69b24a4031c4f3a1bbbf1457723c1d8b9e75dd6238bb57,56829,8b2a3538a7a7bd6f5f758b3914b58652144a599b16644507f23c7da57348c9f0
2010-v13-n2,christinal.pdf,541784,b39833a3b70850eefe274931aa97822d6f2ad00ad78db55fac641628ef9b9076,22102,9309a6dbc1c3921bd0f49db1f36d3b3bf694205d65ed640a8a75a311de59e2d8
2010-v13-n2,diazpernil.pdf,353710,fa9b5c756ebeb470d26abfbbeabc94d13280a6a2fbeff828dd4d6f2203395fcc,31562,00e7f586150e855450c51a036ca520b3d6bfe17b621dd8097079f1a25b883e4e
2010-v13-n2,foreword_001.pdf,51459,786b8bbb0f8aef0711bb33cb932cc90ede9cfe3d7e52c8df4841e09889167950,4486,f922eb818e8ee45b737163327aad947961987debfd6f190b94c7083a053d6c6e
2010-v13-n2,lefticaru.pdf,240083,43018b4775f5b7dea3e74a4ade4e4dad499f8562259e193f2b7682b29ca5d7eb,46144,95a64a6439c83a8e3a3273c43e6e5d22a40f9ecc955a05ab6ef4993b4df035a1
2010-v13-n2,leporati.pdf,217723,cd8aa05844a090eff102038ec1426c0a69b338b3c828f865993ed0a5f48eace4,37683,537fe26e8af1dad4381038cf623c5586a21d9e4a71cb39ff5adf72eb3a206a66
2010-v13-n2,obtulowiczprel.pdf,163378,b50fa403c9cf20e291d6ff0852e32650ee268b35543e70dfb2f275bd788941d6,46940,38f1f03f36c10121c20b126656b0e24fa60fabdeeb50df9a2bff54d0c637a139
2010-v13-n2,porreca.pdf,198931,a61b99be65c99d35cc8029d24ec7b5e10fe7af2d766bb6d8162fd37ab5fa6d3c,32095,7dd25360424f8c1b8e3afd5a9083bb06b93eba4999b664a95911b3420c59dee2
2010-v13-n2,sburlan@20prel.pdf,248316,261b9b4fdffdb9e61a7ffcda763c8a2db2d729685102929c94d655bc7c9dc592,21098,67e04a42562457a36682ffe64a9d3e6cd232a668eca04b97b31e61315c6b6f1a
2010-v13-n3,cgiurgiu.pdf,945659,d8e1370af24d266e6a6badf869447235fafedffd85218f63722c149d537b281b,34043,68a45d642270c62eaca4a9c8bb73b7760777c51eb84d71eb4fb6f227d1fc63c3
2010-v13-n3,dburileanu.pdf,926578,3ab4b7637cc9c5b0eebabf762d253736ee5cdb98bf82bec5ede43fc2bb589183,25074,0c107a90ae7c21f5babfe02bbbab5dd04478138b2525f4df03f74fe8f56f463f
2010-v13-n3,dcvoinescu.pdf,243,011749a0832e403c5b0c69440ebdacadcaff792b502daf4b8156ac3a4e240840,0,e3b0c44298fc1c149afbf4c8996fb92427ae41e4649b934ca495991b7852b855
2010-v13-n3,klazar.pdf,223376,2dee59f965f3b64e696974dfd706d729e08a12479e420d31dba5fb29272ec7e7,100387,7e3a3c6a4ad57f5d9f9d45bec3e1cf3d7006066147f76e357c9775880f0bc7d4
2010-v13-n3,kmarton.pdf,234068,2cab8955b646341476ce566dda97543e67dce7d805a0e3d33a7aeeaad626c5b4,61029,84b8170aa703c9b3f0a24847a235a46687142c8b313fe0847f90e9e6c80393cf
2010-v13-n4,01-chesaru.pdf,141690,6b9d101b442923380b4735c1fb439225c956c7d049612e9e37996e625e6b2141,13809,6d10bda8d30684735f5c6b0aebd28da28d301701a5a9aaa3e5163d3f3f498a20
2010-v13-n4,02-kliros.pdf,346738,86a57b8de19591200438d28ba747d4f385c41be0fea9563a5172067f9c83f0c5,21935,4b39efbf7e342799e75ed048f0e20cd746bfd2659d2e6188b71c7c24e14af030
2010-v13-n4,03-cobianu.pdf,1111621,07b3742984afefe8bfae445c06ea8a43d1180ad348e594517e5172f659da22b9,18335,baead92549ddf48d5f2938da563699d94f6ec90eb522e88ad1fe7017fde07791
2010-v13-n4,04-bragaru.pdf,975221,4021c93eed070d8baca4a5623f943ecb88c7bc975e9a81d7c5f577852338a696,14556,4cd68540505b46734e4519433378a792641c8f82d2b0f7951f47066eefdf7503
2010-v13-n4,05-mihailescu.pdf,552504,3656cb9da12111c46b18c78efcab0eed23ef3e744376db63d4685bb887feaa51,18601,4415560f348608a59921cd5dbfc8c02544d999b395cc8416e80f85524b41064f
2010-v13-n4,06-damaceanu.pdf,3789850,0fc674c3d65a7590d4f4f4ed1a4f06181d478e5969bc931104e072f81df44b82,25646,08f587bae3fe2bd7dc9e87c6d1814decba61f7335afa19b31aaa5dd5ebe950ff
2010-v13-n4,07-volmer.pdf,711440,8ee9d8aa93059b12a8e0a276c88144e95fb4cf6e1243a762c7f1b6f7da9cd900,24159,27d266fb5d939962586bff79bd6224ead300df730c1e891e54ada84a8c0f7305
2010-v13-n4,08-rusu.pdf,3856676,4dbac1cae79693df999f43c0ebbe2f57aa48646ca6848ae7e1b1b9b9a01ed6cb,15707,13c02a4fc2dadfbaaf348b1ad314cc6ca78033589097513864b29da216ca9707
2011-v14-n1,01-mgheorghe.pdf,334129,22034158ba78d5b2f51d4afe5b88e22bd5cea4377c7c2db80f3a690d8713b290,52106,74980599e5134a02b75a42af85215d9669cb79e7fda3996c93c4db106af7e72d
2011-v14-n1,02-padmavatimetta.pdf,289905,52cf9da63adce5cf8fa66b963546f807d6b80873f8ee6afa6bf18bfd56d61b41,27992,f7e532bc7866f5bc31c0a2c863e5d3324572731493da30235d3c7100ede32241
2011-v14-n1,03-dtdmetrics.pdf,820186,6d06db3e96c9366323293fe5ad2a051c8f52a3489e61e22ab30b52d415467d21,51229,d9eb77fc30dc3217a17f6a825abe32c35ab0a9dba7ce7321337c5b346a98f209
2011-v14-n1,04-tionescu.pdf,767196,913cedc39818b01fac8c315fee25b1cb1db4d6deebfd215aca6afa27063f8b05,36436,7a0eaf58ccb193a143851093f431b0749af046403200c6fb0125e63d21129974
2011-v14-n1,05-hadjkhalifa.pdf,280210,d4725ab3c536882a890bb5632af054251597dc4a25b80f729003cd681f558932,32544,d21e488f136c740524b5c058ca0a6d45de800b937dff33d4908a59c717a61e18
2011-v14-n1,06-adriandarabant.pdf,179202,9099547188bdc16bee31c007f5b66c700cf88a895647e30d2d68a87dfb330b51,47134,68586878b9d4116466683a996e1bf47c180418f684cba9884c3818d75f931e74
2011-v14-n2,01-mgoosen.pdf,270075,5e8862ae280088123a68816e3b1e32ee79f5791f1f64b45e5f513c80c489a87c,23280,1e77e3e6a89c07b396f008b4198f54bf6e423780439d60ba39c6a3676379b307
2011-v14-n2,02-rcojan.pdf,527118,2e2c8ab76c694a5c917ff15421bf27ddae3be4fe12c6f1505fa81f1d37cc9d25,16050,d5ed5bfb5e2a6f669334b33e449c5b833de8a4cbe1584c6deedc7075fc0439a3
2011-v14-n2,03-dbhatnagar.pdf,294265,660c100a2e5dd71313c8f99d410ecd349b6afb2b6b1122e9dc8abe78687446ea,14637,a933c6b473e66617bc2de95b5b851128483e42e795ce5e3a6504d30be4772c02
2011-v14-n2,04-mdilie.pdf,885170,b62ca17e778a5c7feb2144eb72cf232743a944c2263741a3f4e9ca2b59d99665,53676,1b2b81ce3e60855700e858929a2e636692ec4e59fd551f6ebef2153cfc70ebf1
2011-v14-n2,05-rradescu.pdf,201460,7a74b15b5ff1973912ffe60c9e318fbc7b4dc69f80b6739aba13602dc3632a98,20643,d8318029c6c701decf1711888cfa6617d134022a30be82f3b278173b58af67c3
2011-v14-n2,06-vniculescu.pdf,176660,ef7e24b212b565fcec0ffa6a3595acaded757d208171948ea64a10bed4bfe972,66499,f592a14e057bc21a167f9180746aa8e8fd32cb592bff6e84a1f79909db42d0f5
2011-v14-n2,07-idinca.pdf,138828,066f7ac111a38bc447ab81f2b8430e2582df0c6d157974268f33b0ac97ab1e3a,45039,34867dc3d714398c303bf93013b40070d5bd46efb072c6e77af920874ca006ea
2011-v14-n3,01-ravariu.pdf,617557,0789d7619f9f41fbf4e4243784f91b7fdd7d71c7cbae97b9c10463a573b2cdc3,17179,bde133bdb685a455d01330b726f121ad2b2dc9c61517f1678b3c2d9a2c2d46a5
2011-v14-n3,02-cismaru.pdf,1337365,860fcb497c0b14287d2c87e7ff310ce663d17742a5f58424cb7ce51da2458b74,16282,20f9fe293b4f521d5cd5205ecdc8ce088da1a79a474f2e4938443a5c3f8510d4
2011-v14-n3,03-serban.pdf,446261,e3bb6d108d884d005a30e07d2ac0896f844c510e0ab6573f506574268df5d2d9,18698,950d4606e22e7d42c8e8d1148174793d06fd3b0472ce1068b252445f426653ec
2011-v14-n3,04-neacsu.pdf,1362559,31075e1700f1947911e5cb3e5959860fef642eb6698aee31d90f4eeba59b649a,15801,d0c318d827bebef20ba0493b0875d69049e85851b15047c0dc10cb03482e1155
2011-v14-n3,05-rusu.pdf,668191,f822ae7bb9da68639f611a85b908d2a2343329aab534b43e5fc587d53925f35e,14300,18545eb99bf89b7aa0d64903b21619261996b8a7bf420a6fd8dbb816f708debb
2011-v14-n3,06-stanescu.pdf,562449,b2acfb3f07a2633a1d43b171193cdfcb37c48ed449ab2a3579103a7104cb0e0c,11687,a8ef6dc976004dcb92e5096adf5492cd6ffd82e31fe0d86c893fa33ade0ec8c3
2011-v14-n3,07-giacomozzi.pdf,3138110,3379623577ade060cf48800a87abc016fb9aef0c0de52806be2562726ab5bd20,18835,8f7bb80ce38b59334dd0d6c68aa980fe4bee52083557397f0c43c051060b17bf
2011-v14-n3,08-bunea.pdf,4503050,e02506dda9dc3a103a71da54c57e65af8455f896c04d8fa7cd5363539d3117b1,25358,7ea46af9b4c9f76c934a7e10e545f7d2a6d526870db76c59d028e6e602d8bbc8
2011-v14-n3,09-buiculescu.pdf,1231924,2f825226ad1d560cdf793dfb0f5ded3d815e75da70cc53ba59b56448e2930b51,24801,b18fbd85db061e3ddc3d157c27e1abc61d9a7dacc4aee7d029c945212143dd49
2011-v14-n4,01-sirbu.pdf,3901741,f8a3d5f02cdb9140267e70379b0d698c3fb0ce5f2715300c53a298373158d2e0,20966,61cb1f794c1aaa4aa9bc104da36d0ae9817ed0d97ede99528521f76a20568369
2011-v14-n4,02-nedelcu.pdf,2728506,89dca11d4219462e3afe6d616d4a3db090e29ee05c9d4324a0a95b45a4750e18,28142,367d1f7fe4f8c79aebf45ecf236b0855ef80bd711a3b95ec65a9404b5a41e3fe
2011-v14-n4,03-gkosa.pdf,1701505,414bfce2046d9198e653f7cf36c5dcea49d41075220a42e91368ef51738d1dca,23394,63d032b18d8cbc5d704df3b7370d772fdd094a34f5d5145616047085eeb664f2
2011-v14-n4,04-astefanescu.pdf,2818244,a62b999b23b6f290229be7f526fbd88402802d10d00ad6ebf20f50fc13067146,22643,91b7805c17c3741d130ac65a59519ff4fb993cd292bf0b84dfbecabf0f8c0808
2011-v14-n4,05-evasile.pdf,2229827,b51bd44572d4efc929d2b1de309a67bc3498f7228cbc2186aa85b3b39f39048e,16931,d8979507ed6c960b8c12c64ebd1aee984a0e7b777709a64358c8a922c2dd3d24
2011-v14-n4,06-dragoi.pdf,1305601,356e233db5e6554337cfa130de28a27f1aabcbb776c62c9518ea8a679e45b16a,16584,56b946158352395e3feba649281c3b1fcc63186a68c165d2f5beb9d13758447a
2011-v14-n4,07-ionascu.pdf,7491584,ec367c3d89b765f05a9bf9913c0b9b34382d94a68d39ffaf1c9aebf445d26fe7,0,e3b0c44298fc1c149afbf4c8996fb92427ae41e4649b934ca495991b7852b855
2011-v14-n4,08-skim.pdf,2749334,a6b258369b203e9df4f7f0e7329015ace68280396b9f3092992de7effcd80e1e,18225,86f906cf0f22af383811382927329d790050bf00b1b9de57f1fbc860f0db0880
2011-v14-n4,09-ttulbure.pdf,1139189,6bdd2025d57ba9cf545680aa9599025f2b2c21593861b00ae6ffd3a59750de60,14972,8905c0390a79ca36a3b967d0ab4ff1211b7b452faeee40eb0e1d2e5d85ec06c1
2012-v15-n1,00-prefata.pdf,20983,fd241c1c66e9e47653f94c627b5ecea8dd3670a076d608e363f0600e618aba45,2723,79900812201585315f6c41bafaa21a5230284381e517ec71aa6d62208b17593c
2012-v15-n1,01-cabarle.pdf,305077,b41280cde1ac3a76b6eadb3ab34f2494064ad8978cdd0071b4acb8af6de31bde,45302,0ae9d62e5d96dd2b51e145abb9ea138d74cb091fbbbc9741d57c1cf363d29f19
2012-v15-n1,02-jebasingh.pdf,185264,2c7cc3c1ea5ac3d1767a55bee4e8c9216315e75d06a3b132fcedb2b8182426b2,28702,9d13323682a169ee1e7b6eb68aa2a8b1436e2826a19d975a8ede36c2365e000e
2012-v15-n1,03-niu.pdf,150415,f6af52ae2e4bced0841985af0a2de6458fd000d6ad46787bf2cb1e9c2bb41768,48592,15543edf0b12544727486bda4d1f8844aaa960c124ee16f1134e99b6fb65a850
2012-v15-n1,04-li.pdf,753077,31ad62b74b4eafa1a03f24b3c1e9e40181aecf8193479e92e360b961d67a045d,41948,0ac8ecece80974147470fb10ebfc451f1997d5f8abb7a8456b60e78f47e2252e
2012-v15-n1,05-muniyandi.pdf,790228,cdecefcfe1420d583ff7bf784bacc5c1e27405e3e874bb212f4db0287d5b29f7,29199,7a8c39ff33848ce096888c7ae03a9ddb32d9711ceb9107eab854d89cc1dd2c09
2012-v15-n2,01-gciobanu2012.pdf,127555,fc6f820774844b482a8a63a66ff24b6fbf7ab9d27ca3563391185ff7dfe5ee86,36495,0a2e1b77e5f8d9f0f434f78d288d05fc43a3404e40cbff78a91c39412f058cfd
2012-v15-n2,02-franti.pdf,7817777,63902ce08ab9754ee30656ca30b01f6e2ccf752ff7891826882c1ca601678824,30277,6db9777af10258c40d3f89f79923ba980947a4872ae83b44781e78eaf4cdfa03
2012-v15-n2,03-crawford.pdf,456627,46d2c8cf3b956bc2234ca36774045cb9cad91377c969ac98dc424bc435b98638,73956,ba5364bee2217cd60b9b6549dbecc51fd6b5089a887be464ab271f11b3ca60f8
2012-v15-n2,04-tahir@20khan.pdf,711205,6e429d970526e5954373ed983d50af6f8781efabf1ba0cc26c068883a1455334,42277,41f7973d294fa91fb0ba806379f1f0cf6919cbd843252bca737409ba44de6912
2012-v15-n2,05-jchaudhry.pdf,321554,356e6ba2a6b669a3714d4ce5cf48be504d7046b6c3b62afde7fcfed2ccd9bd5d,17179,45951643c9484d149648800b06a5c21a10c3b2fade1979591ee42c981f1ccc93
2012-v15-n2,06-sakashe.pdf,341790,796415d5987fa2d17c512cc5f12917793587c20f920687464f093959c3f55ea9,26161,2fd7d1cf8b6c9add6443dea7a2d5ea7897337c4f31e88c14dc25128642f16c56
2012-v15-n3,01-gciobanu.pdf,474292,6e7551cf6ebefe7873fee7d3cc82cded2163f387496282e65139ffce2f2bf83f,165800,8a6be48f166677ad9a0a74329f4e0f1d977542de31cd7c181b85027336a716b6
2012-v15-n3,02-lpetrica.pdf,378478,b8fb6ce91704163bfae329f185bb843afc6c4d19fc4074d27335478ef7a012cc,34901,a5c8f7d31ebdd9fc39905c5b1a9afef76f727e4fa4a9bbb4855e93b73520e3fd
2012-v15-n3,03-mdilie.pdf,8698116,438e1db0aee8dfa68c9b6d590fc9ccd01712b8ab4a2eec0dd99b7672e79eac41,42142,b579ec9ed2e740017bb727bfcc5a76336830b5a1dee47c7252eabdcdadaca917
2012-v15-n3,04-kgsubramanian.pdf,219607,2081c7e69096c62a039a22ab5359a86fc7e40de8e5a6a60a4c356ed3a1961250,50999,90e846267dbd1ca57325c0cf11d540ac5ec0683c5ad73c62382f392e24c1c4cc
2012-v15-n3,05-ychen.pdf,184979,2aa1164c6b01247f4b62fe808225bc939cff9774920ee50fb80daa2dd060c4e2,25063,555b0b22edfce13044a0a1562e49458a03c1c7639dca0f5a7d175e6e18c65643
2012-v15-n3,06-ocret_001.pdf,1634076,1f3d3054d4afc0f690e41f08cd355a4f74a99ffd66ed85696e687eeb14272756,50885,119fac1c911f4baeb1cd189b39c7d635f65859b92db07583619f05a44d9b4768
2012-v15-n4,01-aramanujan.pdf,221030,3a567afc78355032cc61c415e83f92ba918a02f2a67931d5d24b71839b2b55fa,52584,68ccec3332fc32c05752aeca889d8120c11b94565ab8905ff4c077124865590d
2012-v15-n4,02-cmandal.pdf,478259,635e732bab6fa4545ee1cdb53e89683f48524d67d8b798ddc9d4afc1b0d295d8,42491,ca9219438aea88e7664d565bc75467529854fde6458ded5c3393d09a1a7731e2
2012-v15-n4,03-rchang.pdf,65672,9f847e3d62b88a1e4868d232d0cfbf4fd87f986685594d6cf7bd87f40f6ffc3c,26555,a0f6dddba9315daf3fa0c8e54f97c7de95ab5532a137d5da0b80bc712de2c5d0
2012-v15-n4,04-pstanimirovic.pdf,705643,df0c24bd04a861dc48e1c6d358db749c89ef789c01539fb2abba3dd91e6bcb98,28457,8c50f94f443a571784cd40849aadd8e4adcaf7ef59b122a4ec72ec5a1646d1a6
2012-v15-n4,05-mkusko.pdf,337135,f0e816c50176eaf178de6e65538652e32cc406089dc85b6b7d8ef79f64f5e6e6,28503,83224ecdb757b8b7b28dfcf2413babbcb904ce51a0d6ec34ddff861e98421090
2012-v15-n4,06-efranti.pdf,2086012,0faa5696d9822b9b1dfd49882947e67275827531ef71d877003c122cdb8e566b,23398,693bdfce22ced6aeb9ef96bc02c12fa24556717ca0cff2c0986c50813650d67c
2013-v16-n1,01-petr@20sosik.pdf,91807,73b0465be2cb56d9d618d2ee43b6af844f21404a640fe301372163887401df68,18662,580e1e5435564217ce6c7655cd36299d1ce9c38b1c90729abee5a73363d36293
2013-v16-n1,02-ozgur@20ege.pdf,464313,643d8d5f2dc3e57ac05e5c6ff70dc68836797dd387b01bfb7386e598a7662a07,46538,2b403fa66a585fea6deac7308ea250f5bc11faf339e42e92b8b101ad9e5b1fb4
2013-v16-n1,03-mrusu.pdf,914425,9be7e19f97f2c7182b6a7c190fc10587dc234ec9e59bb473762b9eee258fc480,57951,86dfa6d34d8761a92db1041ff39119d5c3ee02950161105adf85be79ac2c5e37
2013-v16-n1,04-wpalma.pdf,157691,c6f07e4c5ccb5c966dc04f7097209b108512dde7fd80f19ac2c8c6dfdbf079e0,31826,bb4238b1c99d64172dfdb7bb4bbfb40f3d46adb5d03bda234d5e484b5dfc4f86
2013-v16-n1,05-myousefikhoshbakht.pdf,455380,a1321a9870172c549cccb243168b75bb4e14daf67359b671f8e89174ace7ba49,44064,383e000d662f201c785342baaaa999bbc2cd547fe26b264cdaffb17c651706c7
2013-v16-n1,06-lvintan.pdf,3911084,8874cb8c2f421d917e46b72efec2b9cd4bfdd5626c729b854a9885bbfb4c8c9c,55166,3c148ad7174d2771454a8f3ede653c1fce80e7f9ce91c2c3207b908d26554528
2013-v16-n2,00-foreword.pdf,42751,c7682b0db1febdce1f0b759969c04b5b8a0ee74768feac839792f78fdf9face7,10557,096b26d023b5dc8e48f9eeca4015a14b0044a6b1744658c3cfd855dd544b2aba
2013-v16-n2,01-spariosu.pdf,146877,9934f9c94a850e07ff2a060dfff3d9988bdda383a08079382786de702c115164,74740,37bc5febfe8ee74c3586d615ce55b550c2ed0ea8d0d993f08b7d17eaf8289452
2013-v16-n2,02-malita-stefan1.pdf,668855,b1f1b2842a63496500a5d5721869b4e347e7f7d501e898c5ead53ae1e60df785,39210,4cc8da1906a7a437827b4c30bc4ea2785c980a57b7acabc8cb4286292eed669c
2013-v16-n2,03-trausanmatu.pdf,1798733,933628c255d046bf68f8e6119007f5d0e1753cfe12dd5090e340b87e98985e77,25305,bc8096f55ab8b15ffe230e6fdf8038aff0493e43ae4abd532f0f3932feca529a
2013-v16-n2,04-schloer.pdf,1785717,ec971c5b98a1428cc013f04e34e6a9253f5f312cf54876eaf9fe0b0b0aee2858,68352,d30385bed74c9c8f9cb595810c3ddf4821a0a645d11d643f7d537b54ec5559ee
2013-v16-n2,05-malita-stefan2.pdf,488440,1cf6760750a804537164607a3b525d65113f1415adeba543398fd9c96a824c83,37664,eeb9c0463e9d1207c4b1257ad66423ec197f34f6b6f83fb0a1ab1bb2c607a1f5
2013-v16-n2,06-cremene.pdf,5602953,3ac5b85ddbe6074ef93f9a36cb7918242385512bdb1b3ae10974083bd983c8a2,24637,b239d4fdb50a561031389c2ed278499d680ed1c855015c63404cabc4053ea9e8
2013-v16-n2,07-suciu.pdf,495786,edbef1f2878a6d97776c430c9896360a0c307322c4273026f669ea12aab9d4ad,36634,44ad434b724def9a73c5091a7228c1366f729a203dd5c9f7eb6022ff040feaa6
2013-v16-n2,08-neumann.pdf,1651658,62d29128b70cf8c7affe78d1acad9a7b9301b3cbb94fad8f4ebf4d5e88203727,53116,b2ea932b9187c7ffd2cd921f33e889eed66cb0e6f5d3dd032baa7df92d30dd70
2013-v16-n2,09-jecan.pdf,1468290,0842f25c364129711943d3835a27fad43aff174a2fab8e3e6d35798cee438269,39036,8418637f1530cfb42217b1f0b2c6d9b36f5b9e6008f9ad84466ab85b0e9392bd
2013-v16-n4,01-lingpingzhong.pdf,107689,e5fdaaeb49e384a5ab36778891c054cedc795a612eee69d72f7a5254483d7137,20870,e40e5e963182c1188db9b526ea843f41bfd887a3a298e1d26dadbd87ec64a11c
2013-v16-n4,02-gciobanu2013.pdf,189717,93e36b8f24e5ac43f83ad7357010708cacfbb12ab42591a3af5522f71eb37adf,82239,38971285e17ff8b1c199e38c94804af314555a24b9277a835a5d555cc6854a38
2013-v16-n4,03-hitendragarg.pdf,2543006,a6fa710312fe6df62185d6cb8c1de71630ae8543951c811fa6ed4b13aa2d84e2,46316,b609e6c81f6b561ddd1dbdc8c067088e76bf64f426164f70aa02dbe20b9d3b11
2013-v16-n4,04-mandreica.pdf,143626,8ff64ba4d6f3caa66a258d5eeaed288194a8e02c2d0c1239cfa86feca8f72793,50641,a9fa2f20b62be969bdf80ec4eb65b97e4c6818bbf8ef34777e61e6775e1e0b2d
2013-v16-n4,05-pingli.pdf,243248,09ff2e232b1f159957db5af9d1f1cb604effcde6055efe45e33328ee8090b0c7,28439,05a9bb036ad89f2f55c1385432c50cea0c0a79a7ce8552b0c82a28a477cdcd47
2013-v16-n4,06-lpetrica.pdf,440057,b141d65ca477c08b3700cfd1e52a211d0e775282c7efa04dc39f4190825c4940,31670,4b1f85f5581c4371c75966d6adf617d8b56ab6329cdbdc0db7fc23501dc269af
2013-v16-n4,07-bozhou.pdf,131336,8b949c9e7cca7a42be994351ec4c6310d5434b1d41c57e676a2b39201c494c51,40405,1cab5142eabf51e8c2cb270481e5f13a8a5dfc8f191130e89af5715c66a1191b
2013-v16-n4,08-amdelrey.pdf,96372,c20794f4656ff5bc4572f68b0b292799010e69eb5bfbda48254993522411d792,22214,6b72ef56b5e2858f44e99bc967be8c8a8c35e3c082206e237869999ce34bcd7e
2013-v16-n4,09-sbansal.pdf,587138,df05a004f20c2500b409848bf14d1cd6ce1d6ed7717b9bd2aa8c8c81163d79c6,41857,368b9aa013b11af2c4e405bf7ca320d6af3db03e9e6eebfbca0441798a31cfdc
2014-v17-n1,00-preface.pdf,31445,f740b2d2cf2f51720c3a0191b5ed8d853b57b84948baf37eb36b329bf369d08e,3688,86d4d9d0abbec3e668140043346e6129b342aa496f6703ed87a5aa0551e4e725
2014-v17-n1,01-kjiang.pdf,211593,de6a7470d62c21c0e5cb54b3fd44c47dd37e057332262d7c9a76f098934fa8a5,44363,716e35114f6b73c74545f0c6206611446c42193e901eaa4eabab10f0dc33f8ec
2014-v17-n1,02-ykong.pdf,250471,e2b4c766633fceae1f511f79924ff014699623e6bbe29e53b7527aae499faad9,42632,1f1bb11c899f67f4af480bf7d397b0bf78a1ad60ad74244faed02bf42e6ded2a
2014-v17-n1,03-vpmetta.pdf,418658,e5ad7f954cd41d26a2921673db3abbaf26dce71b5cfce37938e5ba60cb88b84f,28749,5b1b971d54e467cb8e5e1ef270a66cf4a5455e4052aaf7ffcb95197c0a06bc03
2014-v17-n1,04-rnicolescu.pdf,269616,12b854521e16bb56fe5aa2827a1c9b0c89468a95de4657427a743a65ed77b360,50153,da99654f5814388b1b3a05772730c9a418e336f7ead6d411ca6e6793c81096f2
2014-v17-n1,05-hpengyyang.pdf,2737072,18de91b25a1e21d3462820cd01242269781eac61886ed5d373d4c5701024ccfc,36305,0ac099e888b7085b22bf260f6435526d99e869efa8bae40e13db7b5642e64032
2014-v17-n1,06-hpengjzhang.pdf,347817,4e1055a44fb3379e3daf479ae77c438f880ded4d5dbeef61346c0ad233dee406,33951,0a6168c5a6b4e089887cc478336c1f09b691541053b76dedf8fce7a836b025f9
2014-v17-n1,07-iperezhurtado.pdf,134397,04b867be1add7ec3421889c4da2c94dd0fdb5fc5fe7c3525f02e48d5c83cdc4a,36706,eb1ff672555e9598f84e6a144c5725d1d2171393840f28a1743f485604ec0aef
2014-v17-n1,08-kgsubramanian.pdf,127472,c9b4bd8710861776216d346afd5f6c9cde11db82698dc9e47b15d2beaf945e7f,41929,866d77a6b88a12dad082a32360eb609ad398faf1cb0f8a12a68d903c405e1257
2014-v17-n2,cbira2014.pdf,196180,bf1c2cd2603156f084f0a7190b195ac88a32ea82da14d4bdae453ccdabb87bc1,68069,e1eccec901a2ca7e5ac3cef10fe72d6294a954da8a47a4a4009e4ec0f317a492
2014-v17-n2,gpop2014.pdf,227841,c770ed34cc32a4bd3918ad62bcd9ea136d827fa90df78d577f693c88d17c8695,38824,8d8a85c816afa38168dc0061bb94ee9fdbe7b5e1567a0db089fa84d2c1a1f23a
2014-v17-n2,lvintan2014.pdf,286569,977b91dd4649c0d6ceb146c78babea37c279bd26c5d19c7c9f9e8a6f116ceac3,36422,5e94e67675654ce31f4bb8bf872a7083b7ecfb2360d2a430723d46be4fd8bc5f
2014-v17-n2,pgrzegorek2014.pdf,165910,d2a12cc95534cdcbe6b94f2e0ba512b710131623fc7296a63af72f02828399d8,36342,9cef104c90cfa22b4ab93d226145c0f2616ac47f86e3a8237d63a2a441a3872f
2014-v17-n2,rsoto2014.pdf,507040,833d1fe6c9622ccbc2bdc298393cc2e19c85017ac6c5b7f8d817b8708ca971f7,34299,037340f691aa6f0455e0ad91b6c6268458ff707a1d2ffd08775e52831805b9ac
2014-v17-n2,taosong2014.pdf,140967,ee2cc0c94aca267aa242b22b2e2e3231e6857dbf64de64e35791c35489b9df7a,41508,46c9843f8ede7eccff355ab18e6fd6dca0c1ee820cf5e19a1189a0161afd6709
2014-v17-n3,01-cboiangiu2014.pdf,2854889,782dfcb3435bdcf7d8a9f70cc338592996554f379dce538bae0c5d82aa072df9,28786,7f84ac81af19e7165f72784991cade00aa67d3dc30a6da40711b322184a2bcd2
2014-v17-n3,02-zhuyan2014.pdf,109704,9a85f021a44c2433e8e1ae8bc2b896fdada295d7e4f74da112a61e71cf863622,19958,d040386c499607ed6de50b1e8a2d185ad9196c9011be6c1241878e1d37e9df92
2014-v17-n3,03-msaracevic2014.pdf,6258725,587b287e1d0c2ddb08f5c400d4ffb5d2019dfcd97fe155dc801f4c69e1607f54,35518,4e162683e203f1709f5863764cdf53491b04fd3166443c9644694c929ced0330
2014-v17-n3,04-wpalma2014.pdf,204200,2f9a7bb633b56362c1a43eb3cf919e59dcad2c7c0e32d9b6e93954343ea4bce7,34144,c5372e5a557a075e3d8a8773fce1df6b7933f04124036012164a82239b9f4e4c
2014-v17-n3,05-gciobanu2014.pdf,168896,00d5bea45eafa05fb58067f518e7f0bfc87762f08923f8231a524c48defddf2d,78682,53a8b235d94a401e9c0ca56cd230a476b2e0f29a0e5103771e470d1771683387
2014-v17-n3,06-ichitescu2014.pdf,130332,eac25e535251b4bf479746bd6675a3224f6864d4b27ed74cd6425992068f63e3,34595,3935fee6008e8fc0ff503694c36b245f99396c9184ab105ba32d338d773ffa04
2014-v17-n4,01-abunea.pdf,1817748,9df79f7e08ff32b0e94b858042c77350ea18d7d08053a0162ffd57719ab29c32,29491,67204b51c3f3410a293b3621c5d911c1a9bebdddb7799f6ea8cf223d4c84a17f
2014-v17-n4,02-igiangu.pdf,3606537,2212595e151738050eb6f269c1ca0e5d7b1b868c9d2bf0ff9e6c1e5650f54ae3,46735,c054785307c57007cfe10c72f527f31e4a462ffe0c8e04f9dbd6e86eaffbf366
2014-v17-n4,03-rpascu.pdf,787224,7dec73d1aa9dbeac35e1e064eaeb518bf5b49270513f88802b211788bbac7e11,31540,8d7c213e0d946cb547febec96509a138bceaf335f6c84ac8092643d6880939e7
2014-v17-n4,04-ivornicu.pdf,1740974,085a5be6872892675722353635a1d8f4dfc886f44340cef186083683a8c39e65,34367,261182b05676cd72be899dc1d4512974e7ec005f75b311dd761d34107abaf8d3
2014-v17-n4,05-fbiziitu.pdf,2493950,83bd050be99592ac0f73896b72924901c39ebb97ef75cb6ddb743d3306acc31f,36271,0392e5bca60624508921f954f713ab70e7d25eea013c365bc99e1e57b46b4107
2014-v17-n4,06-rtudor.pdf,5785178,cac9db92c20bc87aaaa6051243fd2b84ecd367ffc26de1e37bc78667a86626b9,31503,1fd2d95684e85afe61358e6831bdfd04521cfd0bb5ff581d606f10db046c3823
2014-v17-n4,07-tsandu.pdf,1430777,1911b8563280cdb7068e3d574dd589d42388df086f1da902d5a0bc0dbed1423a,26240,c4effb708e30f0a91f91e5d4c171b48b86f45cc07b2ec7a8985f480196c2d19a
2014-v17-n4,08-vbanu.pdf,1642259,552acf8d6ca68401336f131ab6beaa448d52b628cd5e083caba2d4f75e3c01c6,29228,fee26ee62368cad3d7b8cf360b66535bae410c321bee3ceb30a48c5e43aa9be5
2015-v18-n1,01-spopescu.pdf,400892,1d694a505cd2e85f79485172a15466b217ba4ec38b1e83f80dc96fe220171980,41575,2f037bf48c997f30ce8321fff3fa16acf28d6cdeadcd5ac14ad10ca065cbfec8
2015-v18-n1,02-msys.pdf,140626,729227fd25b608ac5acfe054f3fc8b58226b79ea30b08f59548078e50f698efb,47507,5e853457fb6614648f70a932cd0b47312aa5ed6749fae804211bfd97dfdbba57
2015-v18-n1,03-hcucu.pdf,547228,7c585b7e6f72f5c4a520262fb2f3e8b63e04b1bc46da0e935d82722089ce07c7,49444,944cdafbb73e9076bc6367f70a0dc2d87815c7b92b56ec5eaf087e8cbb5c5c69
2015-v18-n1,04-lpetrica.pdf,287844,26dbff1cf40944f5706b741699d254a681f6d97077999e3f552d8269f4d1dbec,41197,111e418aaec2ce71dffee8b8051fd04762734db29a7d6c70d5b99f3d01142fd3
2015-v18-n1,05-ichitescu.pdf,112965,db9a2db5f6e6b02c45af62696c12c496b998930c428898509ac25c7cc2d2b4dd,27525,fe9498ff88940f1eb0b3d1088a9869bfa8cc37b8ed332e2007c0858d6af6032f
2015-v18-n1,06-ocret.pdf,974036,a95a97c8fa805294f17a9575730c05bd75351e35c2c2d2967157612887267581,31896,b8c6260cfaa5fe68b30a5de23b1a1858bcce661492653ef0e0ba9d76426ad749
2015-v18-n1,07-iperezhurtado_001.pdf,249,e56f4ac1c3e46d6762d3c12fa5e68161f15af00c369044eb6aa4b52008a78ab9,0,e3b0c44298fc1c149afbf4c8996fb92427ae41e4649b934ca495991b7852b855
2015-v18-n2,01-mpaun.pdf,752313,bacfc7099b5497c1bf386e5d3e14509ad2fd541866a91ba9b37f9053b42c2ab5,49650,82fed391332846fa331be7db39d57aa527587d32b526b205ddee3c618b90895c
2015-v18-n2,02-vmaican.pdf,138745,ab4c9ebcaacd8f2774fffa658523f85252d02a16c2251a368b9ec0d9588a6124,39382,24db88407e11ddb05b9e26d28f0b2ac520eebc20c31d8e5fd35f335d2c93f3d4
2015-v18-n2,03-mimran.pdf,587752,bbbd6dc47d75c237c5d2dc494ea20af754c196ccc7fba473783794e89899f94a,63784,df40822d222533ce51a77d11df5324696d5110587905c2b8f321aae9746a360a
2015-v18-n2,04-hnteodorescu.pdf,2370897,c320994875a1aff85ad4db7670c2b800a653b04568a8d145d843f2c00a3b52df,44124,82eead6263bace1e8e8543949a32ce001c6d44c61f0bfc28a65c6aa2e50e73c6
2015-v18-n2,05-isimecek.pdf,375942,dc93f67794735f491dda9714cf3871f31722f8a75219dfc36c45f9ea9877410b,41572,3953bb28df096c5382b9de94f0f215564eeb07739951021bda4e26a5e2d161e6
2015-v18-n3,00-preface_001.pdf,57859,d6b75a2ea356816fa1880152523e253b780851d775082b97c34657cce4ab0885,3987,e24a1294497c2572c8caca79968ee12e6600ec836012aeb952cc9d5ba9520be4
2015-v18-n3,01-diazpernil.pdf,147506,db46da074da8d167481143a12cf61e1c227ae4c8af2f0bcc0bff60482b837b94,49828,87fed59e84fcc2264b3ea05c9fd273cb694ba97864f7d57e6a30a32190070a2f
2015-v18-n3,03-jwang.pdf,258993,7c811f8646b002c5443e44378d9e100e70ae53ef628f5c9e635cad2101a7e60f,30648,bfb27b69aeabcda14cb4f1d3f720afe264036d7057710a3f3612dfcb0399810f
2015-v18-n3,04-twang1.pdf,410170,a03bef384e41ac30cc94e8a6aaa1e788f4ac6c69cdae9bcfd328556991a66d04,45891,6a2804404ae97d5ac0fd416762d41c916591dcc231439942563e63b6efc53317
2015-v18-n3,05-twang2.pdf,414321,1565d3cdaf397d01a87d8fb2223fb852143ba7d5739b1a9f6c7244a73fcf15cb,50074,9e16b48cfa9d5e3a9c05adbcd2b47be352de78712306c6ee4c20831790c16024
2015-v18-n3,06-zzhang.pdf,409409,6ab1488b90ebb7440ca87e5f0b498ce9cae2547f85272cf30ea037e5cd11b702,67704,686f5fdc9a37ba475d9c1b908ab09c2c6e877d89e71bb0fa528e374b187d228b
2015-v18-n4,01-radu@20radescu.pdf,455731,5b0ab996cf18a79806a3879ce0c075fb4208da704eb63d93f2fc2854a2781e4e,28026,d24dced890fcd9c9e939f69808aab85991a674aa9d6909a213bbb01c2d18042e
2015-v18-n4,02-frunza.pdf,830840,c98c4d8f0825efd00e9ab824f3ff396dafe0b1d15d4113d903a192d58d2830e8,43356,4699a3b80a3d17de2b45a33e17739d8971c9a103ab3a9ed794be2a17db96782b
2015-v18-n4,03-lazar.pdf,1596061,25df57cf3b8593f6f8b35fa7bb369e19e3604ea396d71c93e2c34a0051185983,24272,bcfaabfc1f492f15a8337f81b9777b02c145de14aadc52ed456a4ad856db49c3
2015-v18-n4,04-volmer.pdf,887880,dc70a7b3c4f7df5940b4ae1d8c2e25ff0376569ed10ff269682b5aaa1ee5bae2,26273,4855d6675078e51450290c42823848c7302e845d4f11f7899d4037f6fa5f8cad
2015-v18-n4,05-amariutei.pdf,1001118,ff8c09af85390699ff2807dac0cacb24b620c6ef127683cd83f830a45820e626,37606,64568ddd9b2e189834f56d20eca62f0fc69f1fe4b0893eae0f449e0173950826
2015-v18-n4,06-mapaun.pdf,1292131,a8e1703568a9b80add4f31a03dea3da2ab93782c751c036f1dd26698bf08e7ff,25598,9a1a10382bfdab46d5993a3cb7800807815ad7bee653f298f672173929fdd9cc
2015-v18-n4,07-apurdila.pdf,6096551,a776f748513099d87dfd862f76c396bf23faf7e312dc19c5b78f52be37c77205,43887,a9224378fd39f1d2426b44536ce409524e03b17d4d75b415b6247647f13286a0
2016-v19-n3,buiculescu.pdf,1837813,0e2f67ac2ac39d01b71079b460a3cb9eb7bab81b966add9a7feadd3ee4c51498,32239,57f20bc6479df5e97664972dc438e274bd349631d5ca01e0ad64704bac4f2898
2016-v19-n3,bunea.pdf,2548913,20df17a6f9320455c8120baa55afed7d7007ef936d310e53b8b2804decd8f1ef,21558,284eb85a98cd0ae88f80842e92007e034c7d0328d67ef735e20ad7a13939df22
2016-v19-n3,enache.pdf,1224705,783213b3dd9eb34ae4c83d4ed22fd0e4a8e96b4f05821cc70ba03069426e251e,31264,d92f15601bc9f8a770703572b8934f18a156cabf3c1a0f509fc25c900470932d
2016-v19-n3,fanoro.pdf,679881,fe2edb7d17475de5eb9853846d6755b2550f292185f06956e5d7d46e5c3a7c41,40625,70ee72feb60f14667cc954dff8cdc73c23b2c7a6ccd06145826018b0d87e4407
2016-v19-n3,gheorghe.pdf,1368980,aa337d03d831d2887fbb56e1fa52376f2b409018e1c462000a1bcb12b3de744b,35363,58b97b9b9cb0c58172545617f07c1726493069b1328b910129d03b7dbbdd3cdc
2016-v19-n3,istrate.tex.pdf,1426746,a8d12f7dc4fa7d629b45ce64c24bd1d22471ea69ef942973f39a9ea3eb8c57fd,36197,e6cf2b3c71581602c6ec4458db2e76c6b4534a21b09e74605b7e7ce4bd200746
2016-v19-n3,saurabh.pdf,1298559,59067ab2edb3c8b4c29b24b7b340aec338c732ddcfb13289e8222634f8bec1bb,19906,bf34288537374cef9697cc6100c88b2be0a9a9524e1c3e026718eb15cc924a64
2016-v19-n3,voicu.tex.pdf,4631149,461b2b6e17c7cf7803fd46b9eb860811333936ed00c6875023c60d5801eddc54,26905,99274f94b6b512936c645f646b85a54f5fac5833c61461ad8b2c648abdcbc7a8
2016-v19-n4,gasanov.pdf,238241,e36c2df16176372220450f08539fe9e7eb828b88143f81a2d6348aac3a882354,21443,dc290359574c6a1a70e5eb07182154aca10798563885027a3f452e89c46d10a1
2016-v19-n4,ionescu.pdf,2404132,f02d0be39198057c9bc89445c734cde9cb97c7f39925fde66985f917c0b8533f,26301,5ca98bcbeb0e8e069e87d359f52f4d24a85c209c55b21a00c54fcb3930f277e0
2016-v19-n4,mahaligam.pdf,225723,006680682c58b29f14625e6be306c47b491d8a78c829dd2ae605a2f409f9e598,50260,294e45e4119141d5c2ef42815eb87841fa2afd91ac33c5f803c5c96e20fc9e14
2016-v19-n4,milea.pdf,3192169,665b492b205e371ea2f74e0bc53c137b387f9f7a4a247c5feda3ad2244fe411d,34557,60f4cdb1e90caa6e65caaa0a039a8462ba9aff20e152c44304e1a1e02199cc04
2016-v19-n4,monica@20dascalu.pdf,510469,95d47c52ef3c25597049ac8b1669a9538221067b772bc3f250bd694c463ba9d2,26885,1da569cabb19b405c5198d2891205434c28712377ed4d01ad97add5dc74a3a6a
2016-v19-n4,shukla.pdf,1283838,0030f231fc3cabc3a2e0598b5a8b1e0be6cce0e6ad94364fd588ddc23026e257,51753,8354b6b7f4c1efcd8fe887ab3a22cf60e4077608ec0ba4756fe57481442acd6e
2017-v20-n1,foreword.pdf,79451,ba60816154c767b3a713d8e3425aec978665f7b3e781183195ab009bd3f721c9,4943,d5d61b671eba368a5d2208b828cafa5345847bcc166cc01fcc6bc9396bbec618
2017-v20-n1,paper1.pdf,8083667,8c1004c1abe14b7369764d710d44fc821c2d27c9d7ee61c49f050c291a3177ef,39758,466a2919ed09dbd46845f46557e975cba59d865f8b0b29a15a3ef405aa3546b1
2017-v20-n1,paper2.pdf,343555,19b25bdd3bdf6dc2a54caff4724b128479ffa93a2417dfd3e0f7ba0a58915c69,44769,ec94d67850bc22b5476c53eb8772827c1e584dd34490d1cae3e3ad8080374514
2017-v20-n1,paper3.pdf,333562,c0ff34fdd5d7a52e430325bfc526606814804289bdb15a62e39a26e4b5529517,31062,3a4b60e21c03dc12ef66ac517dc51c8725fecdace41e33f6e6d76150467f9a99
2017-v20-n1,paper4.pdf,339670,da2545d852b7fc4af81658eb8ae083a42214b28efb058080440b769ed2734f23,41441,a402187eb3fd4df9ed707c55afdb291d2198962d3b459a27f0b0e8829b9b7564
2017-v20-n1,paper5.pdf,450463,b449fec7cd0cf978ac12673aa8865a64387d093482c99f75400ec7cbc2364fad,38209,48779d5093c0cc113c150a8b3441c2b71b79d0120a3b0d4ecfc853c7b485a781
2017-v20-n1,paper6.pdf,373753,b4ea8d720fcf0c8e46ba9ae4bed59dcc57dc205bd80e655ee90f1feddca2d3d1,40327,60f1a6c2ed013296a4564c67506930783c34ed7839adfac3fb969f6298019c24
2018-v21-n1,paper577.pdf,1021661,175560c02da8668d75585384955b9838515e556788bfb3e09d9677f1712a85c5,49177,a29a14070ae468c9efdba27ca29d12b5315316403e3d16082bbb1eb14f529c96
2018-v21-n1,paper578.pdf,801672,372654f9c3abf0eae59a94f1db0554037cb212331d7098e06bc40b0e85ff8c41,36553,2c8e8205c1822c829182264e43ccf73161fa049ce0671f4954376cd1519b55b2
2018-v21-n1,paper579.pdf,2183322,95c908339ee3ea93b636bc5124bfe48bbf2da61ae54178963a96ceb448b324b7,32811,28a5e490eb2a1df77dfc8c49cc1b97ef80cf1c579db937ff0f64d85e61789144
2018-v21-n1,paper580.pdf,4017299,546505e5c6fd630f105df31c33e34631c5f1d02606a758e4a3fe5e86f759eb79,29160,39d7473e1075d636e5a1c2b066c3537fc75431cee844a5343ad8346e32c3266b
2018-v21-n1,paper581.pdf,2684889,18de4af815f2d386ca344c6269ac84ebb6255c86387fd826cee8fec1941889ad,43603,6388175199586aa9a1e2810efe4e8faa8a24b0b6feab629e6eda66a2932acaf2
2018-v21-n1,paper582.pdf,409185,427861bfa6ab4e58dc58c50bbf8bea8c818e1e7a2685af57140f7433499130a1,34058,5f5e4c9755674dea876258cdeff18a65b74b7ba7bcab76e6282d847a4384ffb4
2018-v21-n1,paper583.pdf,127291,af14117f6919bc2ab419caaf5b647af199a711b91999278c526ba72082657263,15299,16de223e9b1dbbc2f0b3a6dcbf30eaf43c3ae3ad13a4f325f901972b26c5baf2
2018-v21-n2,paper584.pdf,262550,d7b947285c5954c8d97371510bb2a8da1ca06c2a06331136eae7424760d583ad,50985,4b76c3c2733c9910867b4ba7bd93d0f1dd41436684d4bd183351fa6a2f4e75be
2018-v21-n2,paper585.pdf,85786,41f62a1b835d5da35f6fdf3f43c408720e97f2f36dc1d9734aeeda4da1a917cc,47209,263d61026896697f5e38562dd34d140b9d4f3a1e48485437e99f6a017ae0bd3e
2018-v21-n2,paper586.pdf,4159731,151a48b473117bdfc93e1213129b33514bed83438cbf4f119dc05b94a29c78c4,21479,075e13001d7146131f95e2c6212426a38ccbb0471bf97c3b357ab00ebfd0742f
2018-v21-n2,paper587.pdf,5312866,aecb7851b265e3c6fbe0db3b6d3aeca81b4c327d83a77e1910b264944ea994bf,24006,4f833e07bcba598b0c15fae85efaf0b3fd548228c1378086adbe7ff51a77e923
2018-v21-n2,paper588.pdf,531474,d4dbb58dcf974214c682683d2a9c5955d3074e94bf35d828ad9c90ded9a1ca92,3486,8f8f699bade539680f80c9c81526ba026cf1a966d13a16efc215ac0fe8ee0929
2018-v21-n2,paper589.pdf,1512464,0e9c546f6fabf5f8dd4e3e594d342de9167a238030cf958f170a45b84e0c9963,63642,0fc48f7ab9b5ed6936d751e77ab23899fa1c65fb83e45915a3113a2594ee3fa2
2018-v21-n2,paper590.pdf,236993,0cb5491809a378c7ba73cc7770e1b1488b219c99921f48b905bda4cdedee3381,23858,07c629befb8932c391f7ce35bdf9afbe8b20f817d8d0480ecc5870beb8fce29f
2018-v21-n2,paper591.pdf,192388,bd6038046fda2a96f287c6e9565e6cb639918d0bacad36c472ea0eacdeec91ec,51636,8fb183fbda5f96486a812836de8a4a508350c2529b8a3e95b8a46e30d5877843
2018-v21-n2,paper592.pdf,1218820,5c5f60c71add4f745393b91f60def21ddd292e5d3d714063d6de94414b040e8c,36364,e5a8f0f9eb23dbb3ee7272e669f865ccb43aa971a8d94f8989d117bcb2954ece
2018-v21-n3,paper593.pdf,194758,886840011a9f84c654705136a31b69a995c135f28fe96c92478330d925d5a06b,25697,c81e350a6ac99d1fbc4dfc7464b306312af1c39b848948b8f58ebc9eda31f1aa
2018-v21-n3,paper594.pdf,1121639,48306750ede792e57285bd0d20a67499fbb1bed47d18d9277a35d403d738b8b7,35340,db0b298850a4949afc0152074521ef960c0b8f55745aaa400955fbcc63146d36
2018-v21-n3,paper595.pdf,190066,1ad480a25c8a2958f0ce6c9939352543f31a3664df7f92e09a26362f58cbc1d5,14872,ca44b851fc657453abf2b5257c7c9eceecc8bccedba6eed7a8981c8dd4930d84
2018-v21-n3,paper596.pdf,292909,1d3422e7d6f7a56a6cb99374e59810088f3a5c40631812ce3aee832d418481de,34154,d97eb12bcdc22625999895e85e8abae9257929e70119037e5e5056a4b3e8a338
2018-v21-n3,paper597.pdf,1029675,f95fa1ceda5259c66012240556078050dc9b5cc0ba8c378c29e2c1b829965ee8,19280,cf20bda01831a21ac5f18f81cdfb9a9baa3d288004f1be5704752729268367bb
2018-v21-n3,paper598.pdf,266883,bbe1b47412542e47fa366b5b4307d6852ed8b5e041585a951618b9d3f0ce148c,32599,51db23d48aac46b6419cbc30f950d0a19609c0f61761c064f34f838dc674ec2c
2018-v21-n3,paper599.pdf,268369,ec034c7fc24d0f38ec89963dcb3d0e9ed91b7abb48493088aa6b82f74887b7f5,34999,2f9e91f7010de8fdb35fff7cb3869c9a6d6f703b160d90b8b09e308334e6a23d
2018-v21-n3,paper600.pdf,336814,d82743e89611ae449bcd28d45dc9d7ea6818a857f3e0f9ecf99a23f5f5064f82,27957,6b0c95cdf4b444ab09d293408a4a9e2bab538304d694355ba97e52be53285f2c
2018-v21-n3,paper601.pdf,255587,131cc47ce82c948ef43d77f963da3da4aee1d1ebc9520791a43e5c0f8714fd48,30358,a526a515d5be4657a4f404801bf888ae25fa680561699699a19f1a0bb0f44409
2018-v21-n3,paper602.pdf,232414,8c536869c2b10dc53d374556a09c50d5604aeee9b6940c0a924636c1ba15a90f,37678,86b817f89c0dfb187fb20dd5258964812ec1f7ea792c886a05c1410bc0cfba93
2018-v21-n3,paper603.pdf,230032,c5562d6ecbf2d4570385d33b80ce919e239e2ef16ffbbde7f9c7afb145f12092,37334,3881b72aeb4a4b4ab456aa820054276c5e641b5b41aa4797e70070737eaa8c83
2018-v21-n4,paper604.pdf,217660,addf21468e9b192675f59b16a46271926fdee3ac2686ba02f4c8e9ddd312769b,12922,d0e483f0ef1d3852470fcff5fae6f2e353cad6cd30c56f010c648652e92e0189
2018-v21-n4,paper605.pdf,291199,7c1e5c2b2ebc0b773f4fb7051bb6fab9e69664e997ea2dac4bcdacfaded0ab6f,51513,b4dc693b3b022afefd7c5c95d72e7b7c558ad3260f2d50a2cae2226274c551d7
2018-v21-n4,paper606.pdf,243775,4d6326cb8e4f663448ac640b285f4d3ea666f680460453eac08b1b6b96ce17cb,40483,b0edc279e13dbcd9119259a1f32f530eea61a60ee8bc57150fc1185d604d70c6
2018-v21-n4,paper607.pdf,411113,a0adcd32aae2f477707ff4c897afc59244f7c9925fbeab061655382a8e998509,49256,4269657ad44f2310fbf7273706c451eb346819b3bbfc23cbffdd944a16166e4e
2018-v21-n4,paper608.pdf,1890069,46b8a9695fbb681d42819d02c44c558e6ebdcc109be7ab098a0e7ad6396a5d78,43178,6efa604b078940d0965b1f0f1df74b575abf1b40b00f1256a75cb4ab471543b1
2018-v21-n4,paper609.pdf,614872,da6e624b3bacf4358507225ad013337c80242a3c19ddffdb090f3fd7c2e50215,39881,c041ac0691782937a06fa3478201bcb8441cda2bc8b4c1c5c7a197a0e997cebf
2018-v21-n4,paper610.pdf,4289441,a513a788f30a53bf3362b958ba9fb183ba8a9a54c3beefbc99a9fb0d69182707,61208,0f91f1cdd07f2377a68271c6de0f7d1d43d20dcc8b4816e833e7d5599d38f1e8
2018-v21-n4,paper611.pdf,466318,ba8b38833b78a2d01b8f014ca7e176079be2f2d5102e3fe7cac40628b8af2e93,34700,d7ba9793f3fe776ff696bc3615a761f94aea4322b886f3c8ce334fcc997cc055
2018-v21-n4,paper612.pdf,1599706,e139d9a6317442c7594d2f2f3d40752aef3d4d2781cfe0bd389096b8ce7d5f03,36696,42aae89ce42d4ffaddf52c37bb38ac782981f978293d836b05f6862691ffaabc
2018-v21-n4,paper613.pdf,1298617,8646f732333c1ba01bb4f16fffb3cc8b76f2f23f66c73eb640ae69800b8fd955,39806,d2137a7809c29de3aa74e2cfabd2471b5610759bb48b818b1b2e568aada4fc93
2019-v22-n1,paper614.pdf,1001200,06804f7591f17d9bb2f9a6fea336f1ce5cb3559224e1ce693a770c8e9d7e092b,33397,bee614695df0d2bf141eaaffdc88337e81874dd3430dfeaf535784a0e8d6d11e
2019-v22-n1,paper615.pdf,1441356,c3d196e30346d02864c1e57ea502080614a51ffbcac24128e33275654b42e163,31712,8cd4dc8cd54d4ba4c32008d6f099fbe21f1d680971e5f912af5e3a91b3e4adcf
2019-v22-n1,paper616.pdf,1208561,d6caf66f2e8ab80144dd1978349d859817926f5df4c916f5c1e7c90b18d4453b,31621,286e05045332cc815615c13693e68a048e782cc106aedb4dcf6c13a704a3f860
2019-v22-n1,paper617.pdf,2328031,9ec67f066b2ae51a5cbe1a5d227f2503ef9a69a1aaf8c12ac26636b9a1daf77e,43699,2926bd803cd4995f74f0479995f3585b0ee6ed78fc17e13eb310b8fac354e368
2019-v22-n1,paper618.pdf,1226350,4ad1c8fdaf871917279227d6db6ace277c8863a46e7229ee71781fc9af851db1,22009,4d9d8a200c4d0497340b6770ff7b8e5c24bef74053445f96070eca51f6003b32
2019-v22-n1,paper619.pdf,1682143,82779db34454813a483342676759747cff6ec87f7d67185c3e057b0a233a7232,41006,0cbcac3c88ebc8744cdd9a8c88aee643c37aa9d1260a44624414216de4bb51e6
2019-v22-n1,paper620.pdf,267762,90620cdfbe0164670565c4a3d5a5afd3c86750b36b9b43169a91cf94e21331ed,51245,429c917319a3eef8382f534c258bc730588dd5a8f3665f1db9a51f477c1eae5b
2019-v22-n2,paper621.pdf,442691,c2c9b052be8d2b98027f93cf2f8a4d3d7fe371a272f3312203ea402e61d136eb,20970,7e8e94258902df37264acdc51302074be9b1ab3a480c93aca62c7d8b069ee7fc
2019-v22-n2,paper622.pdf,2982579,bcf8540eec08f0a02ff051e0c58b6e54d565fa3870250e60ab02f7406afb5e12,23932,5f7fbe4be4d26f423b51a8f131cd99222f34f0ae476dd59197005424d43c675e
2019-v22-n2,paper623.pdf,1550299,397d93f60de5dcd86b29394d2e2c61661a0eea6a90fdfd72ee2621108d233548,17693,674a5b644745c9e0c6082ea261ff2d834752028dac7f4dec75db1806b7648f85
2019-v22-n2,paper624.pdf,1626608,7d3df63f80789d865c802703d52750e041d0e951f71e843d1fc3252680c70596,20914,fb3e685c2bc91b3ac09940e22483dd474014ebfd2260a032bee04583341294ed
2019-v22-n2,paper625.pdf,2118928,2fea31dd1661a8d8fb972c9baed2025a6c6713eba8ec4609ac0b4272b49fa5a6,27132,b867dbee9f7151076122fb79875461d9b2c5ec5e5e26d2d237c3373ac67bede6
2019-v22-n2,paper626.pdf,1865651,ecf71b7d5683066bd36559d0515143a6ecc19249cf4934c8b5eb93b1f80c56b7,49391,c0faa92b71a4568c2492d318f5f6b4344d51355a9c71e860546b13b645fe115d
2019-v22-n34,paper627.pdf,219836,b2536f678c403684760eb416dbcde720659c60277c82ac77e90ca40abfff962a,66675,a8826567f854518544ab851e2cf97b4a948bcb7430d7c5d62cbeb2d3409ee41f
2019-v22-n34,paper628.pdf,1100141,3d53ad80a70fc43e0bc7c52aab71eb2d3eaf203ab091d8d4506601ed445fb0f0,32063,9fb2a45ea0f374ac4302630fb434c5ff2c38409a60636d709b9066bc9b25bc02
2019-v22-n34,paper629.pdf,253594,e5d1b28fcbb64be4f37ba9ed5076b0d5de935cea196454b691e15e7e1dabc78f,37698,63761b30675d7839763384086473803995b273e32b292acfcd82a9ba4ec68d00
2019-v22-n34,paper630.pdf,818605,c32eaa8425e9d396b23c5f14dd856bdb8d037f798f31cc0c5c30486f88bd6fcd,54524,dc2e56b112619f47afab9025ceeb2439da3b57ce0a5062926e16182bcb0b9e76
2019-v22-n34,paper631.pdf,517198,5243747f09134f2f4c1e4f3b54836fbb2678901e69e6d8dddbb8600cd5f057ea,38862,78e4087072f7df66efb96c8feddc34610e55ee3f85f81cdb80d0b1e8ca4bc5dd
2019-v22-n34,paper632.pdf,271951,e473e10ef9ae5da4ba96161d39aa7168ecad2cf1c927d26b3e1129b9c66cae25,42079,2a1c125326eb53f9ad32b0d1216bb894c98a2c5c6607f1c311eba429dd0e90b5
2019-v22-n34,paper633.pdf,783956,c214c8dc80d5a8a1c6b851711ad79b17bf96d15168652a7c45db570736abf1bf,37522,8de50a9a9bc0f53155e07e64aec09802124313585ddf4dba7b2a6fc6d655b526
2019-v22-n34,paper634.pdf,146526,92eee046d32a6b67aaf1798fa1b9d810c97f7980fb064de5e12616d493bc2819,45710,02b392ab8a04def7aa2829abc2c3750198498c9dc20066d29a01624b7c50104e
2020-v23-n1,paper635.pdf,2530969,d6a1cb04e2a9e2abc8e502dfe6768a7ea8e9c579542df7d69986ff49ff812c0d,111083,d03be70a707614cc9fd807ee6ba687c8823d196122da2c7af33083a7263574c2
2020-v23-n1,paper636.pdf,565247,7e1ac67439e08301abb71b882701313ff570da8d4be2e00315354f507846bb57,35666,aa5a55d76be996870a13b2ba1ac0e4f0351c02732346f9f1ef136e25ecbc311f
2020-v23-n1,paper637.pdf,296887,448c04f5dc53ef7918180571a29a01fa3417a47d67c2c8606c094a440ee160f7,46698,04c9ca2a5edd6ca9686d705734734d53afec321286f8aa5646700bc419cd23d2
2020-v23-n1,paper638.pdf,2575974,cca60a9451c01af62f5dfd81273c9b9d2754835b4b078f2e002094ec59ffadcf,35873,a289eaf775905ce02d506e620117326230d4a2d04816477c8a64b81292b4fcb5
2020-v23-n1,paper639.pdf,383476,59b10fdb1e7882098a605594bd41f54ea9f47197b8061c3ce0df4c51c280dafe,28569,faeaeedc7e20ebe901f662352af1bebf2723b141f947df29ca73a9f62ecd380a
2020-v23-n1,paper640.pdf,250768,535031f8c0556a6b2c7d9ca57a106591497cce5778972c478c1c4b60c696e648,37247,31a9e31914764ef58907961f48e342f1f16e5e2bd709eb67d4311485db4b2f54
2020-v23-n1,paper641.pdf,636594,9c9874a4075339992b5fad053e60904c6fc7f47a0714774e5102d44be2cc3490,20928,ac8b39aaed9ee923bd7429cdbab868324f90e89e6182ce2d70cfe4b9ef5ad2b8
2020-v23-n2,paper642.pdf,76031,4db96a4defdc31bc4b9c647bab80d7ea30881fe7f076dc3ee368d88771959267,35685,c94737a64def9dd2f678f28e4de1956124e10d2349f76c7a5eba274ac6a257f2
2020-v23-n2,paper643.pdf,1144555,b655ee857a4353a173943ca794a8228ada87a95ee30134baa8fc54df77666c9a,30676,deef60fc92c55a1e008e3de8d56c2866cbc0600f0a5af6d8cf319d4392a67744
2020-v23-n2,paper644.pdf,2530562,51b5224b884430aca96dda276540a17919693970a45097690602ce9c5b8e4dc8,33690,f7e28e5301c5b84b9a8c4951981f75e977aaef65b252670baf8b0b6d8fd352ab
2020-v23-n2,paper645.pdf,2084188,3ddbbf9c724986dd3dc53f764d65f963c7179b9d87acb5a04edabd1d18440c1c,39927,3572eaefbf30f0ceb6439af91e473f6d096302b46d15ce4171ff6d1da95947e9
2020-v23-n2,paper646.pdf,317740,9ccc3602be92df2a30151340ba5377d287568dc1b3ce747480042cdc2afbb3c1,27828,1a35379e97988e3e8949853f0de575d3a31d858b0677f6e362aac49b9ae76c72
2020-v23-n2,paper647.pdf,1469869,4430fd3f79faf93b302f26dca166e7d42994b8e1c3f34f453c04f746164ec2e2,21782,d57e197ae602ef838beea538cca6e1d391bf46d0a5877ddbb24f974e007d2397
2020-v23-n2,paper648.pdf,743642,331f6cd55ed4b97e16d9a73168dbe3f0f9253e58625771659052485822d3a1af,37320,aae5dbf477118f3dbb2f0b50adad5f8ce50268b013cb6b95f342e559f1967db1
2020-v23-n3,paper659.pdf,7561185,3aed079b7ee0d57bd88e5d48681311201587afe8b26b2e337e2f3c1f3e4feca0,35271,4b377eb06b24b65c09eeec660019fdb6526ae1c53d85952712e5c5244081340c
2020-v23-n3,paper660.pdf,222019,7035ce760ae3c4ad26ff73b8162fb38e55ec656d80d3678eb17c5fff33274743,37928,6da55bece8fbc217335ed7a295453f9f137b831c1bd0f206638b2b7289e09aa1
2020-v23-n3,paper661.pdf,390560,5e01e9d66002215300f6396d60fa6bb708c452a7e185adbaec51e9a55941ca42,36637,b63866ab53d0811fe7197df426eeded8d0596be7e07b54c638443cbd278508c7
2020-v23-n3,paper662.pdf,76080,2a5effcae598ab44156940a09c99f67b542b9a8593b9aa0a1eca091d67f72d20,33726,5efb12bf91f4e863f8244ef63c8303245c43f82e3ca07bbdaff0ddf476059563
2020-v23-n3,paper663.pdf,2038165,2f50a92797f17799cc4e6bc94cdf310e3cd873a97644ae19a81890a6ffb34429,46012,379ee22f44a79f8caf6c6e78f9f142fe4c3d1f6a03f48a4fbdf12d7aff633731
2020-v23-n3,paper664.pdf,678727,d936f25d90ccb60a6372434d57bf670796ef8f0b21aa3b0d480d5427ea18aaa0,56985,dcf658392db4192f9af2ea484e58d6b9a6e876ed833b875604205333171053ac
2020-v23-n3,paper665.pdf,3220644,e91fce4a22808af4c909daeb1fa76089b2917b9672feab9a717b1a01720a79e2,57594,699f2b4761f9143072953a9d1073f02435446da2693798abb22b9064f17fa91d
2020-v23-n4,paper666.pdf,1805699,5ba0cb8f6a35742ac31bc1be8ae74ee6c10e99b3c59580dc264376bf364b6123,53067,207bf215c8101677ab7da3f4a1be8b2ea1d66f654d2e9593e59b4b65ec059f74
2020-v23-n4,paper667.pdf,5581207,a0e0514a5a0a00f43d13cb5279f5ae67290c7d008aabd9f93b1e2873dce90be2,34198,3007b7be13109a92bcfda9577aae271a10db0967ce9220977c4f7bed9a5cda32
2020-v23-n4,paper668.pdf,2219894,5ce57bc93de356d9ffce2d66c15da7717a997512cf5cb9ad2a1846852f4dc0bb,26874,c7b2d96b48020d0c67403d8cd19cb3345b3eafe0ffd6bb7e12629c326404e5e2
2020-v23-nS,paper649.pdf,84107,54e48cd0bc30bc9d54519028a173866ab976d821552f63d5407b17fcd30403fe,4460,d12c1da764fc453447e378df289d938853c57880876200fd29111bb135ae3170
2020-v23-nS,paper650.pdf,784824,f4caade7a7d913f6111b298d0e6da0c96243ff18d5d85c46380049154547b817,31072,80bf8c5ea172db97a3bfadc30ae2cc23ac8650970d38cbf0db9910b057b9d766
2020-v23-nS,paper651.pdf,654966,54a644b444f02177933fefdbb2786ad69497690c3e94a3b431ba84cc2f5c8394,36457,6d090102ac4ba963868c62924000d0703367cb7eb3ecb863c0f193fc0d309825
2020-v23-nS,paper652.pdf,788764,f7600179e29f1540efaa6ab790776d5468d31660eb48c8cd58a176990faeb2c1,41856,bd27a4930fbc65078468801771f58a242663895d8a0829a7a2f3fb63be588cea
2020-v23-nS,paper653.pdf,379453,dc9bc193ae281d342d125beee51d491729279aa0f71cc9676811f964d057e7c9,39166,c5aaaf4d0815bf6ddb518636261283b8348fc4b17cab5852bcdd73eab74697b2
2020-v23-nS,paper654.pdf,613704,56ebdbe775ccfceeaeb3d930045517a2a8838379a5323aaeedfad55c76557cb9,49299,a5e87a2435c6e5b2c1fc1e89f671a4b43b4f2dcb32894ad221d609cbdad48257
2020-v23-nS,paper655.pdf,656037,467de5fea50ae98be15e1db5ce382fcfec76ddf28cb95cdc509cca18ac0cf987,29440,d24b14de868263f1f564eb5f84d2b7985059427af686b795b98b39e74fb0e7e6
2020-v23-nS,paper656.pdf,567469,2c71b79d7702f017b5844ea103008eb2eba2395dab9aaf090abc20727573946e,44130,68e28974653177389ab46ac86a9c1d0667c01f850aa2bdb6f3d095d0b997f83e
2020-v23-nS,paper657.pdf,888331,4c18f0d9aa0338d51907d0109ba856857085f931c2f67ddf3d6a9af51f65183d,36164,6542cb8539fb079a5c05792aea47e846fe6e044982eb70e159112a47c8c166bd
2020-v23-nS,paper658.pdf,731091,e1c7bbc914cc2925fa20460556d0a6c7c2df8b629ec85a53ae98dcea5fcf9c4d,37147,577b0c2ca791ea27c00fa723181640791f2e8ead1406f8f1e398545257caf25d
2020-v23-nT,paper669.pdf,167322,42ac3815641605debfed21fe1bf30d30d046cc8c7da0e8d0b5e9d343d681f841,16466,f88fcf387adc69bbf1dfc41d87b67367ec7b98c0e67c7c73a4f6a5b829c8daf9
2020-v23-nT,paper670.pdf,739969,ab384ade6be7f767649151f2a0f6dcd55926f088b2187c768fe92d11e2ffee24,29347,778d641a2d84a6aa41d228ba60d877829d80397ebd421dd870f18c569eafdab1
2020-v23-nT,paper671.pdf,322348,d6cb48687a4168c56d70705f59cc95b67340c8977c6667e2c0c4d906335f937d,35475,ec96dfc15388c0cde304e2e6ed7538f8608a0e71e4c70cccab4469191b5596d4
2020-v23-nT,paper672.pdf,602343,1cf76caf047f72c0c26eb2c3276049708d80d8cede240397c0582c3ec91e0491,47137,bbd1fdc78f046d77746261850590ff3ce1f21c6c614c3c5fb7e19a4e8430db6c
2020-v23-nT,paper673.pdf,1421802,815ec34ca31ffd5d2b828e133a0810c992f926386662190c9af6db0de9201c92,57583,47cb89c4a81f7123a42d0173fea6058f078018d6c220b2f2543210c4ee53d8b4
2020-v23-nT,paper674.pdf,2181849,38cf77bab79b54572054c617f276bce29bca66ce5882fd2738612ef0cc6102ba,59442,40077382a46487a69759a7aa80dc314afeb24828f12000474a7f25777190824f
2020-v23-nT,paper675.pdf,1450463,0bcd6d00cdb25fbc721be507dc636e67c007388caba52807ad5f53ccd4f97479,39887,6c9fa456cd627ee940a40f5cc0f4fc74c0b712bea773825438df2fcd7e5fd355
2020-v23-nT,paper676.pdf,765028,c412b641dc03e9a4865cba6b6d119c3fa2fc0d85809ba6766d2f1bf05e3d73cf,47450,d8427494f6f8f6ba0980115a3827108888ecabc38fc310ceb994fcc667e58341
2021-v24-n1,paper677.pdf,3528308,74e52a46cd1910ecfe328abec377072658e090689b90dced81030cf31ce09dd2,52960,bf619c3bfbf845a3fe1e30d9862c3b56bc7fd90734fba7cf7f0d05c0b2462bd3
2021-v24-n1,paper678.pdf,1141232,1bbdaaa01c2e40cb4f22d10684c8243f04676ea67bd70853cff351eb2a922417,25445,62d571308012f1f10adcee546f8979967ae117ed543aeaa61c3e68f3538d52ac
2021-v24-n1,paper679.pdf,1553461,a67243983291a87524ce82a26630c0e169e394aef59339492d5adce680b0dda6,54567,b6636e80b88b08c1771889ea6c2d716da638191d0f0bc3e3bd54669e1d0c4a12
2021-v24-n1,paper680.pdf,279167,825bcf4ec84b9833c0e19af9879c3ebb042006060250cfab32d8dba659f1e93b,58092,5acbe96a19a992cd1aa491db8a15253d3634ab524309aa82960c7f2305458029
2021-v24-n1,paper681.pdf,647306,fdc14daf8963a533d68e83f65c73738e79bd8db06b1e269bf31124c898d721bc,79141,798bb3cd59620253171b24532a3cc64188c142c52b08fd3f02da3d80d5af94e4
2021-v24-n1,paper682.pdf,1143870,1e891af7af201c46e4431bb24466a46711fbb7cbd1b802121208af36b64a7203,50690,854e3a68db7f47aa7dd1ac0e3f502975525666035fa1e1e0c33676d847ef348e
2021-v24-n1,paper683.pdf,828974,3403bf3b66e8be0451ea1d7a6caaed416d7cfc63586aed90a0c184a014b5fc50,24513,d36f7387fe023715766ae0584f86e6fca63f60703ba75c1ffdcb78dfef6da208
2021-v24-n2,paper684.pdf,8787249,aa6119cfa5c1fe8c8c424a791a6e8adda6dc5fad4f9ee920c2f7b80f1efea85b,33124,af81b4878e693b76be5033619430de22cd75ca877c61157030f4e3d4be80181a
2021-v24-n2,paper685.pdf,2092876,359d371ab4e4263e341580297f37c9df3d2b4a91775b64d38c1bb00bb01c4efb,37466,b63c72f38cb65af96fc743613146a38e75ddabeadad98196b3d1ad10f93a17c2
2021-v24-n2,paper686.pdf,1926232,e5e4fa0a23d8af93603d20bd38c04cd9e80efc30cf430112e3f779af1dbf2a64,51545,f6e0aad907d419e32456a6833067fd6bef301bc00cf42f5b94a3b205d4881916
2021-v24-n2,paper687.pdf,2839502,f25db995d65a23513a5ecc58b996359db6caa033a515152d702b56534f47d522,38619,a0f3b1114c087732a15ad6a4eec568d50dcfbff28472127d0839a726418d953e
2021-v24-n2,paper688.pdf,1429958,7651b9db4314aab9a9ada36b96b966a661a5accdd4ff030f32cc3c26dfccc578,24122,b02951bf69eb9837888f468ad9ebe39d5983fde5da894ef59fdf13d07a997c16
2021-v24-n2,paper689.pdf,2017287,391e82a7629e24b80ff0e0da904f2625f0a226a57febe50beee35c31587e41d5,23170,0f94c0d6e7f1ee8e4e5ee5d34331a262250b84a5cb19e13c46f0fd910d7b60ed
2021-v24-n2,paper690.pdf,1210032,b03c38651cc3cc5f2f2db2c3a1c2c1323edd75540bd31cfbf89027eb428908cb,26419,3d0b135d08ebd4ce2edec768fb6d1015f019849fcc41daff5d9447dd5e66ebb6
2021-v24-n2,paper691.pdf,1855626,c9be2ce454b22d3aee5df5cf7a3d65ba203c0e4e1c1b86c07462ab5fe78d7f9a,26337,93a1b6ab0ddbbc96e43783fbd18e5b5d11e9c4b6653c0e71878feab6ce3c2e3a
2021-v24-n2,paper692.pdf,1536425,e500094905d63afd5d3f8a68a9370343ea01689b3a28114133fc55e339df22b8,23717,1ea7f43b739ac3cefe08088225edf27b31b4685af5ce10a64ae7c139f3adae70
2021-v24-n3,paper693.pdf,394776,737efae492fbf5ec077e1ead23041dc908a31f3c17efa5a54ec5fe10532a7b82,96075,2884deda5dd348c1d62629c11375f18ddb2a2b1fe44103f2a10a001adeb93b21
2021-v24-n3,paper694.pdf,890275,8b7eb7c6b1ce8bfc8c7431a83e6d2c3bcc9c850b02d578ba313448165d9204f6,38274,63f7f7fb2d38269ade61c4bc99a07a9efa3566f0054ebd1e0bd4fa0f91f89041
2021-v24-n3,paper695.pdf,3757008,5908553ca91a1f823e3a23d29762ab21693b076910a9f34dae38ef47d0091f95,54725,7e19a1846e4965d2403fda39d709fb0880b09ba363b40f2e7395a7c26b07066a
2021-v24-n3,paper696.pdf,41759694,7f0a0dc844726c3e9ffacb9c36668347577a810aecaa59724a5d806b0c18db6d,27305,09c0b127c45ed73b32cee7a12d12198ae9a109bbbb8464fc75f5323929228b7a
2021-v24-n4,paper697.pdf,320572,b1dd0d8336fbbab4543a83709b59cc7b0524f22d3cfbb25b3a2254a9d6d64321,49188,24778e11e80f55ef10040ed511b5156a147bdd00845b65c2a7dd8880d5a3f1f2
2021-v24-n4,paper698.pdf,360611,86dec0bfdd8ffe37944d9a271d30cf4ac36a4bf8fa9c7f55d69dc42faac0e319,36751,f04a0adc9f91b360d721448c1082c9b06895d873258662c1bbcde5a5595cc570
2021-v24-n4,paper699.pdf,381063,88917c38f57e8ff81c2d5984c042d2cf642844abbda9c571241604a760ad2230,58301,9e26a998eb71cf3ccfbe2ef2fa7627353ab98b9aa6a08ee3f14005e7c62f42a9
2021-v24-n4,paper700.pdf,195320,fb8d1dc9e0d9eeecc842b37d335c5f3edd2984b06c815ac64f3bad360d530334,63890,b4fa48c28957508f48c1643b6ac88face5a7670062d9ac3729f20d4e8551ae70
2021-v24-n4,paper701.pdf,300295,8294436982e4c58fac1352cf91e1a9fee97c7d4836b0b4387168234fb53dd39a,54583,8079d2f5e4707dea662e5af1c383f782c2f0d60f11896b1c02064a450d696b27
2021-v24-n4,paper702.pdf,82184,f0d3d711fde41e4e33c5995af5b58bcc40a2c66e3136598836860492c9d0fa68,12119,32f1014841784a1079a4f2265f855d90ee49789bd11c51468177036fde308f64
2022-v25-n1,paper703.pdf,315011,29b9c51742efde624f299fc68315b7e59d9d4cad4bb44c20aaa4fa22b1376f8b,47081,4d4ea1b4987fd31233230b03a20c3445eac6c53fb47d1cec3d2ea2f4d6a34484
2022-v25-n1,paper704.pdf,1149331,e377c4233a8bf9e288587b821be4457b56bb6df4ee42d7593ccd9e613f49f311,45873,a864271a0f56bc29360d7379684e8826fe433fba771aadee1ce375639ce78a84
2022-v25-n1,paper705.pdf,396680,525c6e5ce25b013c735e799b8ee2c8ce1e99bb9f38e284fe2b00a6b29046dc4d,33378,a55194b698824b580165bd4ac4b119930fe3a0ded5ebfe281f615602ce868a29
2022-v25-n1,paper706.pdf,228711,8ca6003787ca3b017baf0cdf7464607f6e99593378bece9c8b39738ce48962f8,27319,00315d74518b0c2eb82e02215e1b7dc3cadb60db7448b68a748cf755ee140e9c
2022-v25-n1,paper707.pdf,766800,a5c9f2eb22a758ff2671f078eb1a3311e2f0815572b534ec7c59763cb4b1e21d,64762,0e9bdbbf443f59cb23c4fb9c2a5a19afbd6f9281e4b0cfcb698dc58a5bf43591
2022-v25-n1,paper708.pdf,2676301,8f14dae66da8c80ea35d2ad7891e9f0cfeb518f7877bf23dbd00020c8f94f6ba,34434,5b9344070be5362cdef0f4a74d182f63c1534347043d8245e3761a740edae719
2022-v25-n1,paper709.pdf,270215,2fd19fdda5b09df54985be5ea5bb5f756f6a21dca5184ea0c5febf5bf77e11df,31845,b2e9c22d5532287f8bfb724a0bb839d26555ae4efd9e59979d150fdeccfb7813
2022-v25-n1,paper710.pdf,545478,e014abb8b75a0ed02355982b4afcbb5f18036981df593150d56e4c6d6fd7832e,36170,3547b64a42fc631f0b2e75081949c58f1827378ebe3750556d2034ac6cb82a9a
2022-v25-n2,paper711.pdf,227062,8544da25fb626744c75d4a7b241c676959759b99cf39229d16b7fee5392cf8d7,59629,f0acff7443e5a05db8cd583041253dffac58b0690f7194205c40a4f7d78d7b72
2022-v25-n2,paper712.pdf,295600,f5f86d608f5ba6249a2fa5bd212e7c73d9e5f8efb3404388d31ae4da6cca633a,60438,b44f5665a16f5ebfcfb33e2dc995e2aa534f2f1cad2599e6941fc894e4d73cee
2022-v25-n2,paper713.pdf,1703957,64770e41d6cf5f095b6782bd045832da2a2bd717d8d9e48791c374f92d4e307c,52265,e471ae9ab13d39d6b21deb4ca75102af950544595e583fc4569b4f637c545082
2022-v25-n2,paper714.pdf,112330,20016f79f667804cf707ac48005413ea1334568d7052c119e4540a3e1b5e0aee,12647,a1144482bd87a9fd352023ea6c5250696c15efff687c4b9415239b007f47a624
2022-v25-n2,paper715.pdf,1379920,9b240b3dc18f17cc646d6f1aeed64ad2c87afd911e46642a6bc9495d8cc7b8bb,16068,d3df857057edfb2cc4b7b6579e3bc5bfc75be25505ed3c7be3fc6cae5169afd3
2022-v25-n2,paper716.pdf,3385589,73c69389d4bc48b69d715675bd1eb6dfb2aba486c8921e62a26efc120404a7a1,59864,5d74d4483336153e1ef2f201e24921feed85c3fb3c25d5c6f0d24a2c2f48cd7b
2022-v25-n2,paper717.pdf,3143239,b152a4864cffac8bd87cebf06ca09bfd590bdf2b2c9e31bb9f77bd9e4f9315f5,38441,f619fd43b8fe2e2e5cff48edc6da972bbc044f30ccb282cecbf42913e623f277
2022-v25-n2,paper718.pdf,876674,72c81f568a82a2b041f27bc07574f5c0591f86328cb4d52adfefa60bbace3782,22884,b1c4ab529c3d1fedff6b114de608fe4b08a37a81c3ef86835f74fbb85ec74941
2022-v25-n2,paper719.pdf,891154,4f2c47b967d593bd1dc5516f46ceaeb161e5c7bb0fca9cac687867a7e970b400,26276,298f120ec379427118c17a6ff5d2a89ec5f6f242037067c39a28cf0db744ae90
2022-v25-n2,paper720.pdf,3701462,4d844d9a82ecade5046cb8cb0fe13fdafb483797a6e741236da0d9b616c062e1,37197,0bc2e0322adc76835d7bf200544bfe9decb262a0f258f0db20c905d5398b3fb7
2022-v25-n2,paper721.pdf,1487361,74542bc842ed4a292f91f917af3b32c259d130197af880b827072b13bb777836,32317,211946c0b7395999ab94a668a8b51a13edbbf6cc46bbee2b61ab6c357a3a2f70
2022-v25-n34,paper722.pdf,540155,77cd580655de859286a671518c39b736265d8087e97dded440de6278077c9d82,47418,04648a1f9ecc26994a8a4bfcba94370d602c8572ddaa9919a92999f439336e32
2022-v25-n34,paper723.pdf,1062602,9c43ec3bf8db240a2a1384ab455ed031ac66d042184226a8f68eb197e974f901,36479,1f7cab61767a811ce1fbfedbdcb7ccf6a960125c9db19c7cc4561b516c0f5418
2022-v25-n34,paper724.pdf,342869,2033e062443d2079f1028f60315ad40bcc7cd5b2e3bfd747feef1b860b303186,49319,876f011a481cc4c72659406fe3d4e228cf81bdc0e4860d95eaec714c3a6a0bc2
2022-v25-n34,paper725.pdf,2235096,a355fa0e52a604f82c8dd8f1e187d7419705250ad2a1ddf4d275ccfaa885a107,43184,fa0c1988236f6a1a33c1ce6d81a20d64e0364b2d7bea94ad7ce89db7da9ae89a
2022-v25-n34,paper726.pdf,947665,cc97023b7ffeb185e2b773aaa1cd98e84e04c28d800aa511f6d1d350d6081561,34614,3b4033a179afb867669c500bcf73a57501040f95a4b46db8a17f96998a3359fc
2022-v25-n34,paper727.pdf,3239014,b6ac14e43237a8d1f92555d5920c0966210a637994225154eed0b7eb2c5de50c,39005,544811b46c8c3077865c226541272898d38d66e11d0e15cf0e0e2084b0359377
2022-v25-n34,paper728.pdf,716301,fe674e1ba2a4ef610b6cbb7b08198ac4831cb23784567dd907b39977230e3287,44573,0b441853b60ef2f9fa68df43ef88f4b5ab5b9afc10d62afcde59b174ed563c80
2023-v26-n1,paper729.pdf,657694,7daac8cae57dabcb7aa777e7eb1d11afcc2d8db1b803231fdf391dfaf55a4026,46450,1c29b89db74fb41dceaa6a4ccd72cd2e02c963a9475064f28b657392271ecdd8
2023-v26-n1,paper730.pdf,1010774,1741017db92ed70f19faaf954a262dd6b14c1e08c0421632d7a71e85c0801b83,30435,362422ec7b9dc041fde776117ae1a4b915b806669cbf7f628967487436bff1b2
2023-v26-n1,paper731.pdf,439650,7412bf8e5fdbec81024d2a1c3c70e7c5f0320576efced933b01c65e90e667d49,46201,f5306d834f5fed54aba225103b93d70d54341853d2776caccb35acd4ec9aac2f
2023-v26-n1,paper732.pdf,1811864,848dbf5ab8c2b5e0a372dbd72faab9adfadf02c35d1d25b43bea0d00e65cb737,41629,a959e7274370acc456ec59e08aa4b787c38acbfb72a622b56c41fc551713a8e3
2023-v26-n1,paper733.pdf,610168,b9f2df012cf47686f20bdf59f12d0d6692e6e8cda15a672116dc5b107dcac267,32565,5726a201706c015fd4b0d92d1807361e66e603c41f95955f1672a42e509bd8ca
2023-v26-n1,paper734.pdf,1124107,f803221e3f012058c2172cd8621b39e5fb4f068d5b997cf144d662cbad7bb937,83631,1f132d569e9a0dc82a75962d4e933a445b864196349dd32de205cc50859fee98
2023-v26-n1,paper735.pdf,370675,97341bf519bd0cfeb4ea9204e745fd1d9785c645562f121e8c4b374da717f067,51190,0a00e5fa712d38b3697dfb8fdfbea19fea9a130c6309943a2bc058bd1be30330
2023-v26-n2,paper736.pdf,968507,f9b9acaf2844b6f521697d557570868dd256cd1c2eef4008fba61a140b677366,46813,35e5dcd05d0d39032b3e2d4f52bbc952b8dbeb430db3223524043f1d6f7683aa
2023-v26-n2,paper737.pdf,4483578,d6561c86c6e5b54633d9096d4ef620025f1a165a67b6f9517454d8b955556d76,34210,bac3e54cc0dc3ac9f53ef8bfe3835a09f8e893824683ed470f05ce88dad746b5
2023-v26-n2,paper738.pdf,169450,12e6ce55da66937b29328862fb217aba8e10884614a5ae0d49df9056400aa213,39861,723f779b8bfc24ae11ecd0a4be64e0c2fe47c2a717aa031f2fc404e964ce1e39
2023-v26-n2,paper739.pdf,126967,c66c8fb158cf50c4989b2d7dfbb11cd4a3eed869832dbb230e85f7459c25a6ac,14352,9439a105cf8b33cff4a5241272da1aa20a353e920a59d234534cb6eab1b4db9c
2023-v26-n2,paper740.pdf,2120741,2a880a1197f5276d8159ffd30e6e9d7a7987bf64f60407f863ffa5b792379909,39109,1cfa925735cf9f8ccad34c4714b1e54b3f0398522864dee4665838785a1f8cd4
2023-v26-n2,paper741.pdf,1067991,b37216202e5894049c6f66e98bd86a6d71c8e68192a20ac3d7e5e488c20ceb69,35331,7dfaa9cb45fc6e5ad1290e2ecf2161a0306bc281aa88d106f1a85155e9d0792c
2023-v26-n2,paper742.pdf,3352018,4da122098505bd262171eec491e0cf778d011615d1b1cc7785d0d85fab29b649,22690,4a5d37ece4bf4cdb469aec6d61ca659d16b1cf12e4391f202e758a160215ddd5
2023-v26-n2,paper743.pdf,1201008,ae1f76b078063948179b2e4bcc1aba1fc9e3fd36e6c339ad5c8f6290418ac038,41184,60febc83edd6635bc66638362198c0b97c67d3e857f7b712a86541a819b06e6c
2023-v26-n2,paper744.pdf,2285435,d3ab97dbd8f7c2497c6ad1ca06d0b3e8c1868412f1bfafb69e73c258fb18c749,20470,b452452b6049efe84074332a663ecc814407f40ad83359a3bf7ce78b11429c9a
2023-v26-n2,paper745.pdf,1378819,9485d4a8ffcda4728dd2ecb84e0765ca897e7cc7d6e51cf1668fe23a930b4fa6,28801,28834185605718ebc998c46ef97cbfa5f0cb94395e25be4081a52734406d8845
2023-v26-n2,paper746.pdf,2574803,61ddbd15e5d60e858e1acf8544b7de7313b2a448c7411de6813767fe74263327,17493,841117b6bfe595f977f2c36c9a8999cd112db5bb9ad4f75cf77fc187105561a7
2023-v26-n34,paper747.pdf,66744,7020b794816964488caae39cd1f1ff637c082e7402793e2e35bd2fec362b6015,3826,d27c6fb4a46d2c28771a18c3e14e31eeb2499a5c138d51e9f64d750d6147e880
2023-v26-n34,paper748.pdf,332867,0ab9308da9495f58f4efedff9b14270432d5bfd2df0467d327327414cdc876e3,97535,4207dd0dbe587489000f35ad06a20f6cc79b06731e784d61b51cbc9c66a27af0
2023-v26-n34,paper749.pdf,238946,99ba22fd1354bff5c7d38dc8b3ce50c7b51132feea9fb3183dfad9d20db85a7a,44957,4e660434e6a15eaebea0485514a2a223ca7eb03c7113d78bded2a719bf9aafad
2023-v26-n34,paper750.pdf,81291,3e2103f84fcd8efcb3e9d1797eef12c36b652c314851d38fa77344e903390af2,42805,ffaa39aecc37f4274dd24d5c111dc89a8089127bc8d3d617aa4e73e5b4c8b7e1
2023-v26-n34,paper751.pdf,768272,e83506178087ef69a4c06ce83b8ef5e487be55f7ef0bd8d0dac06baee7843864,31029,80a78f28add2a9a73714d2b47c735d71f2bd6472be93642cea099c95c8d472f9
2023-v26-n34,paper752.pdf,208645,693b3e98d1e16ff14d5e71e556c41a7e93ce95b4fb3173e31cfd249fe0bd1e83,42188,06a07ccd3cb62dd656aa29da45cf031bdc1afcae6dbd08dc24028518004a158a
2023-v26-n34,paper753.pdf,313349,0f24b6dc232c743e9e9fee9ceef6f4bdbf08eaca5005537778a9de5c69b1c25b,62830,d5f4025cbf367f8bbf0e978003d382cc348f046ba1ee82464b0924b251baf516
2023-v26-n34,paper754.pdf,848874,dd27fbbd048a30a515fe7ae63bece3a32028449ff54e60f195d878defee7bd96,32390,93f21fe3ae5e8ca35f5c3b6de25373bff6ae70cc05a297b5d90967312dc5384c
2023-v26-n34,paper755.pdf,218409,2035b660d0e9568022f148bc004a96351057a7310950c6bec10d250dd4733f8e,56421,973071e91e573482ff1116ab76bd526cc900cf773b66e6df1e86bca200240dc5
2023-v26-n34,paper756.pdf,221017,60974f54424cde309332ec90e647e3178924ed9b8fc4603288ed58f911ce95a8,29171,16d63b967ba736c7ac7c3c443db77086aefb25b61c539b548cd31adeff1856f0
2023-v26-n34,paper757.pdf,968361,3b573647b3a3087e3728f213495989268b83b93a97e5a5254afdec04268a3627,42603,8f8339f48298845d49749e6d426227537ab0b34b993440490e74f067e25350ee
2024-v27-n1,paper758.pdf,498914,771d48145c9309f696e2f01160103d37298bd304fc1836ac0f776d88134c617e,38364,476c241631cbcc63a1425203f57540966e540382714c77a660bfeff6c525698a
2024-v27-n1,paper759.pdf,3648451,8a7e6fbde8354ffd9e8c57a6b5407c91f1bc3606f3107c39b671d01eddb02c77,48984,adbcf7bedd618ae1f74b55c07b072a479ed3cda1f8c4d4f6b4b8672b59114e4f
2024-v27-n1,paper760.pdf,743070,d9637ee45eec346be126cde39216c7dfbb0b313aa4cbad0ab28b87af6203b977,39635,6e0fb140020a5b12152d1ea8f2d5a23cd004940468e48ea2a12f51c70f932816
2024-v27-n1,paper761.pdf,256662,939883005a2e63030bcdeb53a4b7402fd6e719ae09f6dea8c076c762be6810b7,51952,9b872f4d65727ab2f0a4d6752153d7cf938763240de47fe1090953efabf097bf
2024-v27-n1,paper762.pdf,1617982,59b204b777d6b19a1260b5ef7182af67238e1d42b6530c9d139896c5518885ab,43907,bfdca3aad5b0271cd576733aa9ce527deed5c02b564627a3060b319e836caa0a
2024-v27-n1,paper763.pdf,258243,1cb050b1d96090abafc3dd6d24c09dfb89207eb529a35e489a010eb615da8c3c,47281,e5621912f7c78460a23730a567e09984fa07f180c465e6d156a4d1b3b8b038cb
2024-v27-n1,paper764.pdf,241772,43746b252baaa06bf711c5517d21a02bebbf3c9815a90797699e77c4d57e85e0,44794,ae3d7eb14033f87fe44daaeca19e65d8839457e6a4ea65081ee466e371d5fbab
2024-v27-n1,paper765.pdf,251457,009d6963a2a384df22e28b41f04f26b35f27be75c21dc6f00ce229c5a7c6d0a4,44437,a3a2139f05bff52bb3c1ae1396e1338da7e0c8467a1633cf579df53eb615aa00
2024-v27-n2,paper766.pdf,264086,22dd8fe85803d49b6f5739be3ab88406caf91989df89437875c0dae18e335e1b,45503,1140b58b8bb1f0e51296e3583d7254e7aeee7c008fb630d74bba5b2fc867b244
2024-v27-n2,paper767.pdf,303932,54439d8b77624b24e327bb0b13d10393dcc9954874bf38ec867857be65ab6030,47401,1a3f1be21a3ad62cfb29b902bae6660b81128aea2c2d13046994e4c9aa5eb48c
2024-v27-n2,paper768.pdf,1953119,72e298d825407cf8cb25e462b9c5a4b4d727ac26cccd0ce5fe429e712be16a0f,51289,f88893bdbf3bd62ed4e8a4ca5d8d1b20d0a6a6f05f4ff2e04b21c1f1627d7c8a
2024-v27-n2,paper769.pdf,156260,34c30ee709989e9df3be00f8ea6c738f76d82869371443ca8e09ab1dc853397c,21482,e4cc86480ad3ab40681a370431a2e8b4a212ab19a0029aec79e31dbb5a450cf8
2024-v27-n2,paper770.pdf,1703195,67af24fcdac3eadd889165ab0318e85277169bc97c52f66c56f15e259514d1b3,22943,67834a4f6c389e42d5224e5647a2898ed1308918f3ea5aa621a3170af2428da8
2024-v27-n2,paper771.pdf,927650,4ac31b3101ae24f73d0eee45e60f82b530f1225f263a7baa56ddd7238af4be7d,32420,57dafc7bbf59158d23a1eeb78dda3a71849bcded3e23ee37c92098bbff032eb5
2024-v27-n2,paper772.pdf,688434,8b93f14c1bdebd225cb42fc6f739969a4f522f16b08968507359fc2b20b6f3ef,33927,6e2c8650e23ad2c11d34e82d3a47396a44dcb32119fce79d962bfc458f9eb236
2024-v27-n2,paper773.pdf,540415,797b3430d09fa70e2e28e39940cf5c0985addaad4b95e40e0ae721767fb3177d,18732,2311811523b2e3a28bd3d59458009b2299ecb413cf8a90843b8ab3032b0e640d
2024-v27-n2,paper774.pdf,635648,5dc78fa3b3085366edad2b2d603593cc3ec94fd52c6c82db22cfcd40840dc7f1,27861,a25972fe216f346f8b05b1fafa824ce78f405914c1471cb547dc5740b848be8a
2024-v27-n2,paper775.pdf,1208823,051d72f567b91504f4c229fd61d9cbf7aa3df98d73d27267b9a471394a0c69ec,33932,6e26729af96ec5b574bffc6d5ce075da72eaa4f1f44b88470577e1f11cfe3c48
2024-v27-n2,paper776.pdf,4232471,772ae9a259d01554344b3855be613f4c759332e7ce441e7771765e1c4aa32fc2,26707,e96d039adcc26907ea42ef8575a869ca258ba2ff29fe5151af920fd9a759cb6c
2024-v27-n34,paper777.pdf,2094887,8af1c58c4376aea301191e54d16cb400084a51840a80207d4c0ce31bde983b91,37524,ee253fea6faca6e7ec06919c61c6c682c96618d0728d74227b102fbafb254e9d
2024-v27-n34,paper778.pdf,5702689,b9a0c0550de0c03641e8feac12f84679b441d3a951e264e8318a22e5c8b9c222,36050,125719eb66716836aa795dce51af71fd00a8b3ea3f6864a80e4fb22a197ace14
2024-v27-n34,paper779.pdf,1105658,b0a9a1a4ba431a1672fde263db8ab878a924d7af779d692b21c27a0a5016087e,102661,dfb1a4c9301b0b6da46d40af8e1c676b563ebd6df461f909a0e7ab243d2a76bf
2024-v27-n34,paper780.pdf,386322,80b32862fbfd3c1dda3fec6e0293d7fd765f9a73dd356acd88b7f2a293777fa6,50863,cb91ce9037affffa46f22bfa21a7925fcdda322494ad0cb5ce1a43f32b0ef743
2024-v27-n34,paper781.pdf,608907,afacea59461c0fbbe4555a410cae2f994a762e3ebebbb8f4799f0f38e70d9a22,37739,f204514050667abbcffa23f2fc8d8db378c8d6a08456c24d1522f3808cead218
2024-v27-n34,paper782.pdf,269837,9df0122cf6540a5b45d6891a7fcb802ce9e568206b3fe13ec6b36d2fc90e1892,40714,822fcdc6dbe680bae3c5b090a0f0b0e12857be111feb870ea6462950bbddb708
2024-v27-n34,paper783.pdf,288117,faddccd2786e8a6171dabfa40a721bec2b54adfa00c8f4f02f9a2bf940529a8f,42899,b21ace6c16eb54e8d29c0ee847a94a27788ee9a5451d653fd9827aaaafd2e0a4
2024-v27-n34,paper784.pdf,1986436,3a927ddf93776b954223c52d6cef7e8b73e54627a9a5df3ff23747a0780c59c7,60448,2810d277744d7479174f6a1954380ba6b673a34d8248ffb6c57cd520cea70d15
2024-v27-n34,paper785.pdf,15158498,d3343bcd14d342a1621575d194f72cc2826c43438352435572bf67a1e6ca0652,47119,351a079afcc80d23c5abb1661ec7e3e45cda8161bdd97c5376618f1927093f10
2025-v28-n1,paper787.pdf,758202,5bd8795feb5bf7701518c9d61040c1d5b0a4d7221bbafe44ef11b0a40a47db5d,40666,7ec851515ec1852d8e23c3b70ff54442eb7ec2fad9e4253c4b10345b8cf7d37d
2025-v28-n1,paper788.pdf,254062,e01544ccbe4383fa2efb716ed355387706d429330e5db73ac3d691d538a2cf6c,30634,d4fc71f4a392d03a3d706f29fcc701ac231fb854eb7d55aa337309d7fcf560c2
2025-v28-n1,paper789.pdf,1089051,5c68bc5055fabb1e29d8ba3220d99f59a04ef027f7627e1023d1f76cde6c71c5,37914,2ba38f733ef76d90a258004c87adee8558c3550e575e829c1007fe5e112324c6
2025-v28-n1,paper790.pdf,1516653,623f06c0f9689cf68b04e6fdca4e7d3428d3bbf14392f86729b84dd6121b9981,26771,9098255740dbf64d5393533eb603c8a4ddf690b54a70b5511c8676be92a37f32
2025-v28-n1,paper791.pdf,6175506,b488346d27a7bdb04b8da231214d3d0773049d0b9f5a7fb7fbac8a86578626bb,41839,1354afeb83bd0c55fefb6d887e2fa6f59212dd34f955efb17a9fbf8350a1103e
2025-v28-n1,paper792.pdf,6921088,b8526bae8e971c1803213d947aa71c64a2d7812935a2e71a6fa449548284b9ac,31459,1df6b33b21fbf171e8c09b21c90c2dc97779d9afbb75502672ad9fcf53458379
2025-v28-n1,paper793.pdf,366126,0403934154d077b21b41d9e23d40244e1a3eb1eb70dbd29715fc35f4f376f2df,46250,cc6eceea2de434f2a1c41c7f6e2f26159c460a93040467d1c6d73bd54e0873b8
2025-v28-n1,paper794.pdf,450417,16c60b0d0c21b7eb3a56233dab5f948170c9c45d7dafe89fc502970d4d654d15,42708,cb4dead79ef1449ae4555fc022fe11fc31fa3e89115f087022a95dbeba4eaea1
2025-v28-n2,paper795.pdf,124764,fc662e16b97a169df5d10bb9b7dc276b175ddfaba5a12374dcc59c221c09593f,20829,4428ed4883f90c8e9679055e6bf3b7e1bb4121ba21042f4f46fce32722bca847
2025-v28-n2,paper796.pdf,17132667,87d5892d93b239d3d6620161373ca2c03b18b23c4260ff84ceecc94abb660bfa,33379,b695d126efb47045b7d21548dfd0182079a7f38d69f82a08517c739cf918fd2a
2025-v28-n2,paper797.pdf,3113429,3f3ef43fb8246f226891f25d6ff7f826ff71a69197a91932846d3d4b61058ac8,41232,600c26bdbebced3f5ebbaf3e13ae865900b3bc64f31cfa8d4c58bf6067bc59ca
2025-v28-n2,paper798.pdf,2783582,e56817a90db6b65ab483ac72dbff007b34fd531f256cb435a6306fff2fe7a115,26200,a5364b797d2917bdfaf03f2a273214b6f4aa2e4df4d2d91af004b7f313899fa6
2025-v28-n2,paper799.pdf,2254737,1103e3e0ada3199a1bf641962b5829015dd3757e0cb1c5fcc2e32bbe40eba480,26102,57eb36e92c3d34bd6377ef3e4b96480f66a3084a22254529a26f0cc58a7400e6
2025-v28-n2,paper800.pdf,1917837,2d62a102f1ec17b86515ecf759d32cddf3ba8240c96811e95b498b63fa4f2c74,29386,5ff4a6c65ea790a3c41b770e8bb7193dd70cae88ad33d57af9b4505d54e0f771
2025-v28-n2,paper801.pdf,6509406,de7255205cb6c35017e0259c7652a6a4247b3972e0eeb0fb937d1bae52dc0563,33846,7bab9ce663fc5bba943f04de2c9504492666df95597412cb4bc76c055f36e20e
2025-v28-n2,paper802.pdf,6042540,4560c46349ec1fa8c73607b6731b1994f6c84ec8b313809b8c8b75bd984389e5,36908,29e3561baa8dec2e541050107c89447eab98f71272445ef4aba993ce361fe16a
2025-v28-n2,paper803.pdf,1676808,8060550b248d951a35b5adc70ad500bcc4fce3c8211d5e2a149c25ca06d3a29c,32056,0af5b4b220418642d5315aa6dfb8f0fe0b7a3d088ae1d5af2d3e8bb9af6071a9
2025-v28-n2,paper804.pdf,916980,635bad69fdb8c0268a678e6fadfb1ba48c3b31de0c52150597313d012e6256e6,20558,f635a874dc2efc6c02d1386529fcbdfa44a0a766712e016f66887fdb72a2c4fd
2025-v28-n2,paper805.pdf,7055715,fd82cdfa1b0e0b40d3976f32d3e14ac6134d812d74c19f3e4a645faba6f4c3f2,33454,34a281af54da7272edd2b932fc3230aa7154ecb1eb5b437d593ecfe8ce9c5654
2025-v28-n3,paper806.pdf,5555513,3671c2855df40442c3cb8849d7483e422672e715f193b95b40bf20fcb0f30deb,43598,6844be31508f7f83277ce81cf02d49a4106129b5230d92982e341298994e19d7
2025-v28-n3,paper807.pdf,448860,84aabcb0766855c102b787b2298bdcbd1b71a3a3ec90c1627ec1d2e2762002af,44890,0d5eff65ac017af405c6efb02bc843a454d3b7cee3d09e518f28a7270ab3565a
2025-v28-n3,paper808.pdf,625266,55a3884e52ab3ef2fefcd9f23905e519684ccf2c9745e1b9c861b4a5e8341e73,37889,3f56c721eb863cf90511b11707035e6c7be6e9be279c1ffa3369e0c01324d9fb
2025-v28-n3,paper809.pdf,442305,f3b72dda37e0898b54f19e63a625dd7af0cd2c2bb57d53553d0c442526ada9c6,45074,b3ed1985e98bcee009e82e9048673fd2b90b796e4154e97c144e76839d54a832
2025-v28-n3,paper810.pdf,276425,4ce34df6ac468d9affb744b7468bb75c0483ed7127cc73cacb3c700a1f7942be,60275,83613a8a076d83375b2a97d4598fb40f6648afb5696d23922213a7353d5b655d
2025-v28-n4,paper811.pdf,5137177,03d21c3f2abd6d0e0f23be8a90d5c5fbbf4f1de872e777b148618ac1220c498a,38390,f3c80d476727da00c672a44a7d67891d0d3078fd75d7224ea810b7a2daee4e5d
2025-v28-n4,paper812.pdf,295960,cf1af5973e491d2e8114573425fcb7f5642980cea876acf78028bd7f37db91e6,52646,e89743a1a84038c7f6593e0840eca0311c88ff9fef58cae2ddac8b99403878ce
2025-v28-n4,paper813.pdf,11415262,3a2b34389b520e67f73a4bb28398c258d0992426d11e9968a119d00b5b5f2c88,34639,4acf490b45940ac32582d6957fac7ab4433540e22bf9d72203395a61e509c714
2025-v28-n4,paper814.pdf,1176223,a0dfed684da27d55078a99cb6d0b73c5803f52791fa8f2691addd17b33d72cff,34923,849296eb199482b92db176dce306d4ae56fc33d9e644b763dab68dbdf7f3dec8
2025-v28-n4,paper815.pdf,518266,108b3313c16fab07b169c7cecb64822e33a8e19100772e43505c1339391dd630,33457,c9282d36cd1da2747035cfb0338bc8ec66215b5196729b2c17e31512a6faeb47
2025-v28-n4,paper816.pdf,1782601,89fd6e9e38178890e2411a555e8e01329905688c8e104645aa3008f80f27b7ac,22979,d58bd9afd75894f24687111635996f55f0d0c96fd3924acb2f0d65d3ad13f159
