batch_id,paper_id,source_file,concept_level,final_run1
2013-v16-n2,spariosu2013b,01-spariosu.pdf,1,46.88
2010-v13-n4,chesaru2010,01-chesaru.pdf,1,24.0
2023-v26-n2,badovinac2023,paper738.pdf,1,65.56
2016-v19-n4,dascalu2016,monica@20dascalu.pdf,1,54.96
2018-v21-n2,dontu2018,paper587.pdf,1,56.62
2015-v18-n1,petrica2015,04-lpetrica.pdf,1,62.06
2025-v28-n2,bonev2025,paper797.pdf,2,64.27
2015-v18-n4,volmer2015,04-volmer.pdf,2,52.41
2013-v16-n4,wu2013,05-pingli.pdf,2,50.5
2024-v27-n1,mone2024,paper764.pdf,2,25.19
2014-v17-n3,saracevic2014,03-msaracevic2014.pdf,2,24.0
2022-v25-n1,musala2022,paper706.pdf,2,24.0
2018-v21-n3,mahalingam2018b,paper599.pdf,3,38.69
2014-v17-n3,chitescu2014,06-ichitescu2014.pdf,3,30.9
2013-v16-n4,mao2013,07-bozhou.pdf,3,24.0
2021-v24-n4,matcovschi2021,paper701.pdf,3,40.25
2013-v16-n1,ege2013,02-ozgur@20ege.pdf,3,37.85
2013-v16-n4,delrey2013,08-amdelrey.pdf,3,51.59
2011-v14-n1,metta2011,02-padmavatimetta.pdf,4,55.0
2012-v15-n2,alexandru2012,01-gciobanu2012.pdf,4,63.38
2012-v15-n3,subramanian2012,04-kgsubramanian.pdf,4,45.4
2018-v21-n3,orellanamartin2018,paper601.pdf,4,40.06
2012-v15-n1,niu2012,03-niu.pdf,4,24.0
2023-v26-n34,paun2023,paper748.pdf,4,24.0
2017-v20-n1,wang2017,paper3.pdf,5,24.0
2011-v14-n2,dinca2011,07-idinca.pdf,5,54.06
2010-v13-n2,sburlan2010,sburlan@20prel.pdf,5,61.31
2010-v13-n3,lazar2010,klazar.pdf,5,52.9
2014-v17-n1,kong2014,02-ykong.pdf,5,56.69
2015-v18-n3,zhang2015,06-zzhang.pdf,5,24.0
