paper_id,category,relevant,evidence,note
depasquale2010,none,true,no availability statement or link in the text,
bozanic2010,none,true,no availability statement or link in the text,
spinelli2010,none,true,http://www.powersys.fr/,PSIM and ITRS are third-party; authors' simulation tool not linked
iliescu2010,none,true,no availability statement or link in the text,
dragoi2010,none,true,no availability statement or link in the text,
goras2010,none,true,no availability statement or link in the text,
weststrate2010,none,true,no availability statement or link in the text,
adorna2010,none,false,www.ppage.psystems.eu,Generic P systems website; theoretical complexity paper
christinal2010,none,false,http://ppage.psystems.eu/,Generic P systems website; theoretical P system design (uncertain on relevance)
diazpernil2010,none,false,http://ppage.psystems.eu/,Generic P systems website; theoretical P system design (uncertain on relevance)
lefticaru2010,code,true,"More details regarding the tool and some examples can be found at the following web page: http://fmi.upit.ro/evomt/psys/psys tools.html.",Authors' own tool page; P-Lingua and NuSMV are third-party
leporati2010,none,false,http://www.netfilter.org/,Third-party/generic links; theoretical modeling
obtulowicz2010,none,false,no availability statement or link in the text,Theoretical paper
porreca2010,none,false,http://ppage.psystems.eu,Generic P systems website; complexity theory
sburlan2010,none,false,no availability statement or link in the text,Theoretical paper
cgiurgiu,none,true,https://computing.llnl.gov/tutorials/pthreads/,Vendor/tutorial links only; own implementation not released
dburileanu,none,true,"The technology used is open source: Unimrcp for the MRCP stack and FreeSwitch for the soft switch.",Open source refers to third-party components
klazar,none,false,no availability statement or link in the text,Theoretical paper
kmarton,none,false,http://csrc.nist.gov/groups/ST/toolkit/rng/,Survey; links are third-party references
chesaru2010,none,true,no availability statement or link in the text,
kliros2010,none,true,no availability statement or link in the text,
cobianu2010,none,true,no availability statement or link in the text,
bragaru2010,none,true,no availability statement or link in the text,
mihailescu2010,none,true,no availability statement or link in the text,
damaceanu2010,none,true,no availability statement or link in the text,
volmer2010,none,true,http://math.nist.gov/oommf/contrib/simulmag/,Third-party micromagnetic simulator
rusu2010,none,true,no availability statement or link in the text,
gheorghe2011,data,true,"All the TSP benchmarks are available in [5]. [5] http://www.iwr.uni-heidelberg.de/groups/comopt/software/TSPLIB95/tsp/",TSPLIB public benchmarks; author homepage [6] does not name an artifact
metta2011,none,false,no availability statement or link in the text,Theoretical paper
basci2011,data,true,http://docbook.sourceforge.net/release/dsssl/current/dtds/,Metrics computed on public DTDs linked in references [16]-[24]
ionita2011,none,true,"Appendix 1: Fragment of code for T2 transformation",Code fragments printed but no link to software
hadjkhalifa2011,none,true,http://gforge.enseeiht.fr/frs/,TOPCASED/ATL are third-party tools
darabant2011,none,true,no availability statement or link in the text,
paper101,none,true,no availability statement or link in the text,
paper102,none,true,no availability statement or link in the text,
paper103,none,true,no availability statement or link in the text,
paper104,none,true,no availability statement or link in the text,
paper105,data,true,"[17] The Calgary Corpus can be found at: ftp://ftp.cpsc.ucalgary.ca/pub/projects/ text.compression.corpus/",Calgary Corpus public; Romanian test files not released
paper106,none,true,no availability statement or link in the text,Formal model paper; relevance uncertain
paper107,none,false,http://ppage.psystems.eu/,Generic P systems website; theoretical paper
ravariu2011,none,true,no availability statement or link in the text,
cismaru2011,none,true,no availability statement or link in the text,
serban2011,none,true,no availability statement or link in the text,
neacsu2011,none,true,no availability statement or link in the text,
rusu2011,none,true,no availability statement or link in the text,
stanescu2011,none,true,no availability statement or link in the text,
giacomozzi2011,none,true,no availability statement or link in the text,
bunea2011,none,true,www.cst.com,Third-party simulation software
buiculescu2011,none,true,http://www.minicircuits.com/products/vco,Vendor/Wikipedia links only
sirbu2011,none,true,no availability statement or link in the text,
nedelcu2011,none,true,no availability statement or link in the text,
kosa2011,none,true,no availability statement or link in the text,
stefanescu2011,none,true,www.comsol.com,COMSOL third-party; Ioffe material constants page is reference data
vasile2011,none,true,no availability statement or link in the text,
dragoi2011,none,true,no availability statement or link in the text,
kim2011,none,true,no availability statement or link in the text,
tulbure2011,none,true,http://www.easic.com,Vendor links only
cabarle2012,none,true,http://ppage.psystems.eu/,GPU simulator not linked; generic P systems website
jebasingh2012,none,false,no availability statement or link in the text,Theoretical paper
niu2012,none,false,http://ppage.psystems.eu/,Generic P systems website; theoretical paper
li2012,none,true,"Extensive experiments conducted on a set of benchmark functions",Standard benchmark functions not a named public dataset
muniyandi2012,none,true,http://www.dcs.shef.ac.uk/,Third-party Gillespie simulator by other authors
alexandru2012a,none,false,no availability statement or link in the text,Theoretical paper
franti2012a,none,true,"This was achieved with proper experimental software, based on data previously acquired by EMG equipment.",Own software and data not released
crawford2012,none,true,http://jgap.sourceforge.net/,JGAP is third-party library
khan2012,none,true,no availability statement or link in the text,
ahmad2012,none,true,no availability statement or link in the text,
akashe2012,none,true,http://www.eas.asu.edu/∼ptm,Predictive Technology Model is third-party
alexandru2012b,none,false,no availability statement or link in the text,Theoretical paper
petrica2012,none,true,http://www.cs.washington.edu/research/smt/,Third-party reference
ilie2012,none,true,no availability statement or link in the text,
subramanian2012,none,false,no availability statement or link in the text,Theoretical paper
shi2012,none,false,no availability statement or link in the text,Protocol security analysis; no computation evident
cret2012,none,true,http://stat.fsu.edu/pub/diehard/,Diehard/NIST suites are third-party
ramanujan2012,none,false,http://ppage.psystems.eu,Generic P systems website; theoretical paper
mandal2012,none,false,no availability statement or link in the text,Algorithmic/theoretical; relevance uncertain
chang2012,none,false,no availability statement or link in the text,Graph theory
stanimirovic2012,none,true,"Java source code for Block method - (corresponds to Algorithm 4)",Source printed in paper but no link to software
kusko2012,none,true,http://camfr.sourceforge.net,CAMFR and Optiwave are third-party tools
franti2012b,none,true,no availability statement or link in the text,
sosik2013,none,false,no availability statement or link in the text,Theoretical paper
ege2013,none,false,no availability statement or link in the text,Theoretical paper
teodorescu2013,data,true,http://www.eecs.berkeley.edu/Research /Projects/CS/vision/bsds/BSDS300/html/dataset/images/gray/61086.html,Public test images (Lena; peppers; BSDS300) linked; no own code linked
soto2013,none,true,no availability statement or link in the text,
yousefikhoshbakht2013,data,true,http://comopt.ifi.uni-heidelberg.de/software/TSPLIB95/,TSPLIB public instances
morariu2013,none,true,"For evaluating the algorithms we used data sets containing news obtained from RSS feeds from Reuters [17] and the BBC Agency's website [15].",Live RSS feeds collected by authors; snapshot not released (chose lower over data)
spariosu2013,none,false,no availability statement or link in the text,Short conceptual paper; relevance uncertain
malita-stefan2013a,none,true,no availability statement or link in the text,
trausanmatu2013,none,true,no availability statement or link in the text,Support tools described but not linked
schloer2013,none,true,no availability statement or link in the text,Proprietary QRT system; open-source refers to input information
malita-stefan2013b,claimed,true,"The electronic forms are downloadable at: http://www.anselm.edu/internet/compsci/Faculty Staff/mmalita/",Link to author's homepage that does not name the artifact
cremene2013,none,true,no availability statement or link in the text,
suciu2013,none,true,no availability statement or link in the text,
neumann2013,none,true,"This includes the classical minority at risk (MAR) data set [37].",Results rest on simulation; MAR dataset mention unclear as basis (chose lower)
jecan2013,none,true,no availability statement or link in the text,
zhong2013,none,false,no availability statement or link in the text,Graph theory
alexandru2013,none,false,no availability statement or link in the text,Theoretical paper
garg2013,none,true,"Objects are simplified using Mesh Lab open source[23].",MeshLab is third-party
andreica2013,none,true,no availability statement or link in the text,
wu2013,none,false,no availability statement or link in the text,Protocol security analysis; no computation evident
bira2013,none,true,http://developer.amd.com/gpu/,OPINCAA described but not linked; AMD SDK third-party
mao2013,none,false,no availability statement or link in the text,Graph theory
delrey2013,none,false,"no availability statement or link in the text","Theoretical note on CA reversibility"
bansal2013,none,true,"no availability statement or link in the text",""
jiang2014,none,false,"http://ppage.psystems.eu","Generic membrane computing website; pure universality proof"
kong2014,none,false,"http://ppage.psystems.eu","Generic P systems web page in references; theoretical"
metta2014,none,false,"no availability statement or link in the text","Theoretical construction"
nicolescu2014,none,false,"no availability statement or link in the text","Theoretical modelling paper"
peng2014a,none,true,"several color images randomly collected from the Internet are used","Unnamed images, not an identified public dataset"
peng2014b,data,true,"a real-life data set (Iris) and an artificial data set (Data1 ) are used","Iris is a named public dataset; artificial set not released"
perezhurtado2014,code,true,"The P–Lingua source code ... is available for download in the Examples section at [11]","Authors' own P-Lingua model/simulator at named section of p-lingua.org"
subramanian2014,none,false,"no availability statement or link in the text","Formal language theory"
lvintan2014,code,true,"https://code.google.com/p/fadse/","FADSE tool by the author's group, publicly available"
gpop2014,data,true,"speech recordings from the NIST 2008 SRE database","Named third-party database; MSR toolbox is third-party"
cbira2014,code,true,"Connex Simulator, posted at: http://www.anselm.edu/internet/compsci/Faculty Staff/mmalita/HOMEPAGE/research.html","Co-authors' own simulator linked in references; FFT code in appendix"
taosong2014,none,false,"no availability statement or link in the text","Theoretical universality result"
pgrzegorek2014,none,false,"no availability statement or link in the text","Online algorithm analysis, proofs"
rsoto2014,data,true,"The Mario AI Benchmark is a modified and open source version of ... Super Mario Bros","Named public benchmark; Choco is third-party; no own code linked"
cboiangiu2014,none,true,"no availability statement or link in the text",""
zhuyan2014,none,false,"no availability statement or link in the text","Graph theory proofs"
msaracevic2014,code,true,"http://muzafers.uninp.edu.rs/triangulation/Ballot.rar","Java applications for both methods downloadable"
wpalma2014,none,true,"tested on benchmark problems","Benchmark not named in the evidence"
gciobanu2014,none,false,"no availability statement or link in the text","Process calculus theory"
ichitescu2014,none,false,"no availability statement or link in the text","Measure theory"
bunea2014,none,true,"no availability statement or link in the text","Hardware with measurements"
giangu2014,none,true,"https://www.cst.com/Products/CSTMWS","Third-party simulation software"
pascu2014,none,true,"no availability statement or link in the text",""
vornicu2014,none,true,"http://www.picoquant.com/products/category/tcspc-and-time-tagging-modules/","Vendor datasheet"
biziitu2014,none,true,"no availability statement or link in the text",""
tudor2014,none,true,"no availability statement or link in the text",""
sandu2014,none,true,"no availability statement or link in the text",""
banu2014,none,true,"no availability statement or link in the text","Keithley software is third-party"
popescu2015,none,false,"no availability statement or link in the text","Theoretical computing model"
sys2015,data,true,"We have analysed 100 GB of data (downloaded from [8]) produced by a physical source of randomness.","[8] = public QRNG service https://qrng.physik.hu-berlin.de"
cucu2015,code,true,"http://speed.pub.ro/speech-to-text","Authors' online ASR system; evaluation corpora not released"
petrica2015,none,true,"www.fuzzing.org/wp-content/","Only third-party fuzzers/tools linked; no link to IxFIZZ"
chitescu2015,none,false,"no availability statement or link in the text","Functional analysis"
zene2015,none,true,"no availability statement or link in the text","Xilinx links are vendor documentation"
paun2015a,none,true,"no availability statement or link in the text","Vendor/case-study links only"
maican2015,none,true,"no availability statement or link in the text",""
hayat2015,none,false,"no availability statement or link in the text","Topological index computation, proofs"
teodorescu2015,none,true,"no availability statement or link in the text",""
simecek2015,none,true,"no availability statement or link in the text","Links are prior paper and third-party docs"
diazpernil2015,none,false,"http://ppage.psystems.eu","Short foreword-type text (3657 chars); generic website"
jwang2015,data,true,"ten real-life data sets from UCI repository [42] have been selected","UCI datasets linked in references"
twang2015a,none,true,"no availability statement or link in the text",""
twang2015b,none,true,"no availability statement or link in the text",""
zhang2015,none,false,"no availability statement or link in the text","Formal language theory"
radescu2015,data,true,"For testing, we used the following test corpora: Calgary Corpus and Canterbury Corpus.","Named public corpora linked; Romanian corpus not released"
frunza2015,none,true,"no availability statement or link in the text",""
lazar2015,none,true,"no availability statement or link in the text",""
volmer2015,none,true,"http://math.nist.gov/oommf/contrib/simulmag/","Third-party simulator"
amariutei2015,none,true,"no availability statement or link in the text",""
paun2015b,none,true,"no availability statement or link in the text",""
purdila2015,none,true,"no availability statement or link in the text","Only datasheet/vendor links"
chaturvedi2016,none,true,"no availability statement or link in the text","MOSIS/Keysight vendor links"
buiculescu2016,none,true,"no availability statement or link in the text","Datasheet links only"
bunea2016,none,true,"no availability statement or link in the text",""
fanoro2016,none,true,"no availability statement or link in the text",""
gheorghe2016,none,true,"no availability statement or link in the text",""
voicu2016,none,true,"no availability statement or link in the text",""
istrate2016,none,true,"no availability statement or link in the text",""
enache2016,none,true,"no availability statement or link in the text","Datasheet link only"
ionescu2016,none,true,"no availability statement or link in the text","COMSOL white paper is third-party"
milea2016,none,true,"no availability statement or link in the text","Vendor/product links only"
gasanov2016,none,true,"no availability statement or link in the text","Program described but not linked or claimed available"
shukla2016,data,true,"12 images from the University of South Florida data set","Named public edge-detection image dataset used for training"
dascalu2016,none,false,"no availability statement or link in the text","Overview/survey"
mahalingam2016,none,false,"no availability statement or link in the text","Formal language theory"
yu2017,none,false,"http://ppage.psystems.eu","Special-issue foreword text (4443 chars)"
rong2017,none,true,"no availability statement or link in the text",""
wang2017,none,false,"http://ppage.psystems.eu/","Theoretical; generic P systems web page"
pan2017,none,false,"no availability statement or link in the text","Theoretical"
carandang2017,code,true,"The latest version of the CuSNP code is available at [29].","[29] = http://aclab.dcs.upd.edu.ph/productions/software/cusnp_v060616"
valencia2017,none,true,"http://www.p-lingua.org/mecosim/","Tool described; only generic MeCoSim/P-Lingua homepages, no availability claim"
groza2018,none,true,"no availability statement or link in the text",""
datcu2018,none,true,"no availability statement or link in the text",""
dragan2018,none,true,"no availability statement or link in the text","'open source' refers to transistor source terminal"
pachiu2018,none,true,"no availability statement or link in the text",""
moagar2018,none,true,"no availability statement or link in the text","Datasheet/material links only"
sandu2018,none,true,"no availability statement or link in the text",""
serban2018,none,true,"no availability statement or link in the text",""
paper584,data,true,"http://iit.academiaromana-is.ro/centenar/dict en.html","Authors' dictionary/support material online; analyzed text is a published book. Unsure vs none"
paper585,none,false,"https://followmyvote.com","Position paper; example link is third-party"
paper586,none,true,"no availability statement or link in the text",""
paper587,none,true,"no availability statement or link in the text","Vendor links only"
paper589,none,true,"no availability statement or link in the text","Very short extracted text (3437 chars)"
paper590,none,true,"no availability statement or link in the text",""
paper591,none,true,"data availability in the Citation Report","Source report not clearly named or cited; picked lower over data"
paper592,data,true,"http://mha.cs.umn.edu","UMN Unusual crowd activity dataset"
paper593,none,false,"no availability statement or link in the text","Cryptographic theory"
paper594,none,false,"no availability statement or link in the text","Theoretical"
paper595,none,false,"no availability statement or link in the text","Automata theory"
paper596,none,false,"no availability statement or link in the text","Automata theory"
paper597,none,true,"www.caDNAno.org","Third-party design software"
paper598,none,false,"no availability statement or link in the text","Combinatorics on words"
paper599,none,false,"no availability statement or link in the text","Combinatorics on words"
paper600,none,false,"no availability statement or link in the text","Formal language theory"
paper601,none,false,"no availability statement or link in the text","Theoretical complexity"
paper602,none,false,"no availability statement or link in the text","Formal language theory"
paper603,none,false,"http://ppage.psystems.eu","Survey; generic P systems page"
paper605,none,true,"no availability statement or link in the text","Method with numerical example"
paper606,data,true,"This example is performed on the Tsumoto dataset [14].","Named third-party medical dataset cited; hospital data private"
paper607,none,true,"no availability statement or link in the text","Own experimental data, not released"
paper608,code,true,"https://www.microsoft.com/store/apps/9p054xsjjr1n","Ref [20] Dobrea D.M., blessTags app (likely authors' wearable system app); recorded data not released"
paper609,none,true,"no availability statement or link in the text","Excel macro algorithm on private order data"
paper610,none,true,"no availability statement or link in the text",
paper611,none,true,"no availability statement or link in the text","Only background report links (DoE, EWEA)"
paper612,code_and_data,true,"You can see an implementation of our model at https://bitbucket.org/kolesov93/pos-tagger.","Data: Universal Dependencies (http://universaldependencies.org/), SynTagRus"
paper613,none,true,"A labeled data base of 2758 files ... based on publicly available voice recordings of President Nixon.","Raw recordings public but labeled database not released and not a named dataset; chose lower category"
sandu2019,none,true,"no availability statement or link in the text","Theoretical modelling with likely numerical results"
banu2019,none,true,"no availability statement or link in the text",
comanescu2019,none,true,"no availability statement or link in the text",
cobianu2019,none,true,"no availability statement or link in the text",
ravariu2019,none,true,"https://www.silvaco.com/examples/tcad/section34/example1/index.html","Third-party Silvaco example, not authors' artifact"
hurez2019,none,true,"no availability statement or link in the text",
bancioiu2019,code_and_data,true,"This implementation has been published online [16] under the GPL 3 license. https://github.com/camilbancioiu/MBFF","Data: same text dataset as [2]; ref [15] JMLR lewis04a (RCV1) public corpus"
paper621,none,true,"no availability statement or link in the text",
paper622,none,true,"www.cst.com","Third-party package/software links only"
paper623,none,true,"no availability statement or link in the text",
paper624,none,true,"no availability statement or link in the text","Only project/datasheet links"
paper625,none,true,"no availability statement or link in the text",
paper626,none,true,"no availability statement or link in the text","Only datasheet links"
paper627,none,false,"no availability statement or link in the text","Overview paper"
paper628,none,true,"CANARY software [23] developed in collaboration with the USEPA is a freely available tool.","Third-party tool"
paper629,data,true,"We have used for the evaluations the large datasets of the Splash-2 parallel benchmarks [26].","Named public benchmark suite; Sniper simulator is third-party"
paper630,none,true,"The algorithm is tested with CANoe software using the CAN data set captured from a real vehicle.","Own captured CAN data not released"
paper631,none,true,"no availability statement or link in the text","No named public dataset in evidence"
paper632,none,true,"no availability statement or link in the text","Own hadith training dataset"
paper633,none,true,"no availability statement or link in the text",
paper634,none,true,"no availability statement or link in the text",
borangiu2020,none,false,"no availability statement or link in the text","Overview/conceptual paper; links are third-party"
priya2020,none,true,"no availability statement or link in the text",
mahule2020,data,true,"https://datahub.io/dataset/bio2rdf-drugbank","Public LOD datasets linked (DBpedia, LinkedMDB, World Factbook, Geonames, datahub)"
kavya2020,data,true,"http://fenix.univ.rzeszow.pl/mkepski/ds/uf.html","Public UR Fall Dataset and Fall Detection Dataset"
zhang2020,code,true,"https://github.com/pizts/A-Simulator-Tool-forSpiking-Neural-P-Systems.git",
serban2020,none,true,"no availability statement or link in the text",
saravanan2020,none,true,"no availability statement or link in the text",
paper642,none,true,"no availability statement or link in the text","Architecture proposal; links are third-party/background"
paper643,none,true,"no availability statement or link in the text",
paper644,none,true,"no availability statement or link in the text",
paper645,none,true,"no availability statement or link in the text","Only datasheet links"
paper646,none,true,"no availability statement or link in the text",
paper647,none,true,"no availability statement or link in the text","Only datasheet links"
paper648,none,true,"no availability statement or link in the text",
paper659,data,true,"http://inst-puscariu.ro/NALR","Source atlas (NALR Crisana III) linked online; code (C++/OpenCV) not released"
paper660,none,true,"no availability statement or link in the text","Private student records"
paper661,data,true,"https://www.unb.ca/cic/datasets/ids2017.html","CICIDS2017 public dataset"
paper662,none,true,"http://users.dcae.pub.ro/˜gstefan/2ndLevel/connex.html","Simulation manual and generic Connex project page, no specific code artifact"
paper663,none,true,"no availability statement or link in the text",
paper664,none,true,"Present work uses the EEG data acquired from the animal model [27, 28].","Own animal-model EEG data not released"
paper665,none,true,"www.wolfram.com","Third-party Mathematica"
braic2020,none,true,"no availability statement or link in the text",
kataria2020,none,true,"no availability statement or link in the text","Own tracker data"
marinescu2020,none,true,"no availability statement or link in the text",
biliaiev2020,none,true,"no availability statement or link in the text",
dascalu2020,none,true,"no availability statement or link in the text",
vatavu2020,none,false,"no availability statement or link in the text","Position paper"
pirnau2020,none,true,"The data used in the present research have been collected from Twitter in January 2020.","Own collected tweets not released; AIDR is third-party"
dobrea2020,none,true,"no availability statement or link in the text","Own 600-image database; ImageNet only for pretraining"
barbu2020,data,true,"https://phil.cdc.gov","Public PHIL image database"
pop2020,data,true,"4.1.3 Sweet Home Cough (SHC) corpus [23]","Named reference corpora cited; unsure all are public, so data rather than higher"
singh2020,data,true,"https://github.com/ieee8023/covid-chestxray-dataset","Also Mendeley chest X-ray dataset"
benbrahim2020,data,true,"https://www.kaggle.com/bachrr/covid-chest-xray","Kaggle public datasets [36],[37]"
beldjilali2020,none,true,"no availability statement or link in the text",
schiopu2020,none,false,"no availability statement or link in the text","Algorithmic/theoretical graph flow paper"
chen2020,none,true,"no availability statement or link in the text",
zunic2020,data,true,"Data with testing and validating of prediction models are provided at the 4TU Research Data Center [37]","Authors deposited data in 4TU repository via citation [37]"
christudas2020,none,true,"no availability statement or link in the text","Own conical tank data"
anikin2020,code_and_data,true,"https://github.com/okmih/Anikin_Kohonen","Data: generated synthetic sets plus public 'waveform' dataset"
li2020,code_and_data,true,"https://github.com/xjtuleeson/HARD","Public Snort, ClamAV, Suricata rule sets linked"
paper677,none,true,"no availability statement or link in the text",
paper678,none,true,"no availability statement or link in the text",
paper679,none,true,"no availability statement or link in the text",
paper680,none,true,"http://www.avispaproject.org/","Third-party AVISPA tool"
paper681,data,true,"https://archive.ics.uci.edu/ml/datasets/Concrete+Compressive+Strength","UCI dataset"
paper682,none,true,"no availability statement or link in the text",
paper683,code,true,"https://gitlab.dcae.pub.ro/research/","Authors' department GitLab (URL truncated in extraction); other links third-party"
dumitru2021,none,true,"no availability statement or link in the text","Only Cadence tool links"
boncu2021,none,true,"no availability statement or link in the text",
petrasuc2021,none,true,"no availability statement or link in the text",
veselu2021,none,true,"no availability statement or link in the text",
paun2021,none,true,"no availability statement or link in the text",
chiriac2021,none,true,"no availability statement or link in the text",
serbanescu2021,none,true,"no availability statement or link in the text",
rebigan2021,none,true,"no availability statement or link in the text",
ravariu2021,none,true,"no availability statement or link in the text",
paper693,none,false,"no availability statement or link in the text","Theoretical fuzzy logic paper"
paper694,none,true,"no availability statement or link in the text",
paper695,none,true,"https://www.putty.org/","Third-party tool; own FPGA dataset not released"
paper696,none,true,"no availability statement or link in the text","Links are third-party apps"
paper697,none,false,"no availability statement or link in the text","Appears to be a survey/conceptual multicriteria discussion"
paper698,none,true,"http://www.aut.upt.ro/∼claudia.dragos/TE2019.html","Project homepage, not a specific artifact; data from [6] not linked"
paper699,none,true,"no availability statement or link in the text",
paper700,code_and_data,true,"Scripts and resources resulting from this work are available in a dedicated GitHub repository24 . https://github.com/racai-ai/RoBLARK_evaluation","Data: UD Romanian RRT and SiMoNERo public treebanks"
paper701,none,false,"no availability statement or link in the text","Theoretical control paper"
paper702,data,true,"future work should compare the results on GS with the results on Scopus","Bibliometric data from Google Scholar, a public third-party database"
nejkovic2022,none,true,"no availability statement or link in the text",
mihalache2022,none,true,"We have developed a speech dataset comprising 270 recordings","Proprietary dataset not released"
singh2022,none,true,"no availability statement or link in the text",
musala2022,none,true,"https://drive.google.com/file/d/1zBP6Wim-V6PEQIQDIMeHQ0yxnGWcx6Ux/","Bare Drive link in refs, content unidentified; Stanford model third-party; chose lower"
ramathilagam2022,none,true,"no availability statement or link in the text",
aiordachioae2022,code,true,"http://www.eed.usv.ro/mintviz/projects/MintVizAwardingParticipationH2020","Implementations plus only a sample of snapshots; full dataset not released"
mosteanu2022,none,false,"no availability statement or link in the text","Conceptual/position paper"
gumuscu2022,data,true,"taken from UCI Machine Learning Repository data set [21]","UCI Parkinson spiral drawing dataset"
paper711,none,true,"no availability statement or link in the text","Turkish datasets cited from prior works [28],[19] but not named public datasets; chose lower"
paper712,none,true,"no availability statement or link in the text","References are industry reports only"
paper713,data,true,"Experiments were performed on VGG-16 [23] and AlexNet [16] trained on ImageNet ILSVRC-2012 dataset [22]","Public named dataset; no own code"
paper715,none,true,"no availability statement or link in the text","www.imt.ro is the conference organizer, not an artifact"
paper716,none,true,"no availability statement or link in the text",""
paper717,none,true,"no availability statement or link in the text",""
paper718,none,true,"no availability statement or link in the text",""
paper719,none,true,"no availability statement or link in the text",""
paper720,none,true,"no availability statement or link in the text",""
paper721,none,true,"no availability statement or link in the text",""
paper722,none,true,"http://www.racai.ro/en/tools/text/","Third-party text tool; analysed works not cited as a dataset"
paper723,code,true,"https://github.com/selcukogutcu/COVID-19","Authors' repo linked with algorithm; patient data release not stated, so code only"
paper724,none,true,"no availability statement or link in the text",""
paper725,none,true,"no availability statement or link in the text",""
paper726,data,true,"Results RGB-D Object Dataset [31] is used in this paper.","Public named dataset"
paper727,none,true,"This VTOL multi rotor drone has the open source AeroQuad 32 V2 Flight Control Board","Open source refers to third-party flight board"
paper728,none,true,"no availability statement or link in the text","Links are vendor whitepapers"
chen2023,data,true,"The corpus can be downloaded from https://corpora.uni-leipzig.de/.","Public Leipzig corpora; no own code"
unguritu2023,none,true,"no availability statement or link in the text",""
georgieva2023,code_and_data,true,"https://github.com/tsvetankageorgieva/RMLrules","Authors' RML rules on GitHub; input example HelloWorld.x3d linked on web3d.org"
abramov2023,data,true,"https://www.worldometers.info/coronavirus/country/romania/","Official public COVID statistics; supplementary doc is not code"
mathur2023,none,true,"no availability statement or link in the text","Links are Vishay datasheets"
gaiseanu2023,none,true,"data set of 95% confidence interval collected from [61]","Source [61] not named in evidence; lower category chosen"
milicevic2023,code,true,"https://github.com/valentinanejkovic/romjist2022/blob/main/SorceCode-Asembler.asm","Authors' assembler source code"
yurtkan2023,code_and_data,true,"The Matlab code and the dataset of the algorithm can be accessed via the following link: https://github.com/umuttekgucbau/StdSuccessPredictionFNN.","Also public Kaggle xAPI dataset"
mortazavi2023,none,true,"There are not any datasets of pornography images, so the pornography images are taken from different websites.","Positive images scraped, not released; only negatives from Caltech 101"
badovinac2023,data,true,"The experiments used a large database of face images ... BU-4DFE (3D Dynamic Facial Expression Database)","Named third-party database; appendix link is not code"
onet2023,none,true,"https://international.utcluj.ro/help-home-electronics-laboratory/","Project page/equipment links, not a released artifact; lower category chosen"
pascu2023,none,true,"no availability statement or link in the text","ICDD is a reference database, not the result data"
ammar2023,none,true,"no availability statement or link in the text","Links are fabrication platforms"
romanitan2023,none,true,"no availability statement or link in the text","ICDD used only for peak identification"
vasilache2023,none,true,"no availability statement or link in the text",""
chiriac2023,none,true,"no availability statement or link in the text",""
beydoun2023,none,true,"no availability statement or link in the text","www.nanomat.eu is a fabrication platform"
paun2023,none,false,"no availability statement or link in the text","Theoretical P-systems note"
duca2023,none,true,"http://www.aut.upt.ro/∼rprecup/Supplementary","Own moss data not released; supplementary doc not shown to contain data"
stefan2023,none,false,"no availability statement or link in the text","Conceptual/qualitative essay"
cozma2023,none,true,"no availability statement or link in the text",""
teodorescu2023twitter,none,true,"The tweets were collected using two methods, generating two sets of data.","Collected tweets not released"
protic2023,data,true,"we used the Kyoto 2006+ dataset as it was developed for evaluating of the network-based IDSs.","Public named dataset"
mirnalinee2023,none,true,"The proposed approach is demonstrated with benchmark images.","Benchmark images not named; lower category chosen"
kilic2023,data,true,"http://archive.ics.uci.edu/ml","UCI datasets; GitHub link is a supplementary PDF, not code"
bratan2023,none,true,"The CNN was trained using 1,440 speech files from the ... (RAVDESS) dataset and 2,800 files from the ... (TESS) dataset","Public sets only for training; main swear-word data likely own; lower category"
mihalache2023,data,true,"The systems were tested on the most relevant SER datasets: EMODB, CREMAD, and IEMOCAP","Public named datasets"
antonescu2024a,none,true,"no availability statement or link in the text","MPI standard link only"
hentout2024,none,true,"https://www.coppeliarobotics.com/","Third-party simulator"
hafs2024,data,true,"The first used database is the publicly available MYCT-100 [16]","Also SVC2004 and FVC2004"
roman2024,none,true,"http://www.aut.upt.ro/~rprecup/SuppMatROMJIST2024.pdf","Supplementary PDF, not code or data"
popescu2024,none,true,"no availability statement or link in the text","Platform described; links are third-party tools only"
shambour2024,none,true,"The dataset is crawled from the well-known online healthcare platform ratemds.com","Crawled data not deposited; Drive link appears to be supplementary figures; lower category"
mone2024,none,true,"https://mone.ro/Appendix","Appendix PDF; participation data not released"
ning2024,data,true,"this article implemented a PR model for the MNIST ... dataset","Public named dataset"
antonescu2024b,none,true,"https://drive.google.com/file/d/1ECA9tcI8YBevY2wAvjW7lCTfOtOQQ8G/view?usp=sharing","Drive link content unidentified; GitHub benchmark is third-party"
serban2024b,none,true,"no availability statement or link in the text",""
taskin2024,claimed,true,"Open source BLE gateway platform and tailor-made portable BLE beacons","Open source asserted with no link; supplement is a docx"
bunea2024,none,true,"no availability statement or link in the text",""
grosu2024,none,true,"no availability statement or link in the text",""
pristavu2024,none,true,"no availability statement or link in the text",""
bulzan2024,none,true,"https://refractiveindex.info/","Reference material constants for theoretical study; lower category"
calinescu2024,none,true,"no availability statement or link in the text","Links are microcontroller product pages"
romanitan2024,none,true,"The grain size was analyzed using the open-source software ImageJ [22].","Third-party tool"
brezeanu2024,none,true,"no availability statement or link in the text","Links are datasheets"
lu2024,data,true,"Our dataset is sourced from Taiwan Economic Journal, containing daily European calls and puts [27].","Named third-party database (TEJ)"
ulmamei2024,data,true,"https://vision.middlebury.edu/flow/data","Public Middlebury optical flow dataset; other links third-party"
gemikonakli2024,none,true,"https://drive.google.com/file/d/1Oar-kZM8X2Fmy4H1YIYNylxHrGEKiLGb/view?usp=","Drive link appears supplementary, not identified as code or data"
essiz2024,none,true,"An original dataset consisting of complete blood count (CBC) tests from 907 patients","Own data not released; Drive file is supplementary"
travin2024,none,true,"no availability statement or link in the text",""
cascaval2024,none,true,"https://drive.google.com/drive/folders/1C1FzvLVvXg9KDAc6wpcMtplcUIOijprM?usp=drive","Drive folder content unidentified; lower category"
yalda2024,data,true,"The internet traffic dataset (in bits) from an ISP (https://www.kaggle.com/datasets/ yjimmy/network-traffic-dataset/)","Public Kaggle dataset"
wen2024,none,true,"no availability statement or link in the text",""
milea2024,none,true,"no availability statement or link in the text","Links are component datasheets"
tansu2025,none,true,"PDF text not extractable","chars = 0"
milicevic2025b,code,true,"https://github.com/valentinanejkovic/milicevic1","Author's GitHub repository; contents not described"
calude2025,data,true,"The data used in this article can be downloaded from the website https://tinyurl. com/4rtwmncv.","Authors' deposited data"
colbu2025,data,true,"The datasets presented in Table 1 were taken from the PVGIS-SARAH3 [15]","Public PVGIS data"
cristea2025,none,true,"no availability statement or link in the text",""
mateescu2025,none,true,"https://github.com/rmsolgi/geneticalgorithm","Third-party libraries"
serban2025,none,true,"no availability statement or link in the text",""
roman2025,none,true,"https://uptro29158-my.sharepoint.com/:b:/g/personal/raul-cristian_","Supplementary PDF of results, not code or data"
karadeniz2025,code,true,"The software developed for this purpose is accessible for download from the Github repository","https://github.com/robotlabor-nexus/fuzzy signatures"
bunea2025,none,true,"no availability statement or link in the text",""
bonev2025,none,true,"no availability statement or link in the text",""
moise2025,none,true,"no availability statement or link in the text","Links are vendor app notes"
sdrulla2025,none,true,"no availability statement or link in the text",""
bulzan2025,none,true,"no availability statement or link in the text",""
alabdullah2025,none,true,"no availability statement or link in the text","IRDS roadmap link only"
dumitru2025,none,true,"https://nanohub.org/resources/19564","Third-party MATLAB codes"
calinescu2025,none,true,"no availability statement or link in the text",""
popescu2025,none,true,"no availability statement or link in the text",""
medinceanu2025,none,true,"no availability statement or link in the text",""
vatavu2025,none,true,"we contribute insights from data collected during two missions conducted at the Mars Desert Research Station","Collected data not released"
zavadskas2025,none,true,"no availability statement or link in the text",""
milicevic2025,none,true,"https://github.com/valentinanejkovic/milicevic-romjist2024/blob/","Supplement PDF on GitHub, not code"
casquilho2025,claimed,true,"The procedure, from the web page [17] and Fig. 2, is ... The user reaches the web page, P-ranKin.php","Own web app referenced as [17] but no URL in evidence; lower category"
precup2025,none,true,"http://www.aut.upt.ro/~rprecup/2025RomjistSupplementaryMaterial.pdf","Supplementary PDF only"
balaban2025,none,true,"The dataset that was created for this paper represents a novel addition to the emergency domain","CarEM-Vid not linked; OneDrive file is supplementary"
meng2025,none,true,"no availability statement or link in the text","Supplementary file holds pseudocode only"
li2025,none,true,"no availability statement or link in the text",""
mocanu2025,none,true,"no availability statement or link in the text",""
teodorescu2025,claimed,true,"The content analyzed (reproduced in the online Appendices at http://iit.academiaromana-is.ro/)","Generic institute homepage that does not name the artifact"
lazarescu2025,none,true,"no availability statement or link in the text","Own recorded signals not released"
