paper_id,year,volume,issue,batch_id,title,first_author,n_authors,pages,doi,record_type,concept_level,formalism,citation_integrity,structural_integrity,artifact_availability,intellectual_integrity,composite,final,classification,disqualified,flags,artifact_category,artifact_relevant
depasquale2010,2010,13,1,2010-v13-n1,Nickel MEMS Energy Harvesters for the Self-Powering of Vehicular Sensing Systems,Giorgio De Pasquale,2,3-21,,research,2,80,35,45,0,55.5,41.62,24.0,CRITICAL,True,EXCESSIVE_SELF_CITATION|NO_LIMITATIONS,none,True
bozanic2010,2010,13,1,2010-v13-n1,Streamlined Design of SiGe Based Power Amplifiers,Mladen Božanić,3,22-32,,research,2,80,95,50,0,77.75,58.31,53.31,LIMITED,False,NO_LIMITATIONS,none,True
devivo2010,2010,13,1,2010-v13-n1,A Simulation Tool for the Evaluation of the Performances of A Nanointerconnect Based on SWCNT,Biagio De Vivo,4,33-48,,research,2,80,95,55,0,79.0,59.25,59.25,LIMITED,False,,none,True
iliescu2010,2010,13,1,2010-v13-n1,3D Dielectrophoretic Chips: Trapping and Separation of Cell Populations,Ciprian Iliescu,4,49-64,,research,2,80,25,45,0,52.0,39.0,24.0,CRITICAL,True,EXCESSIVE_SELF_CITATION,none,True
dragoi2010,2010,13,1,2010-v13-n1,Metal Wafer Bonding for MEMS Devices,Viorel Drăgoi,3,65-72,,research,1,85,95,40,0,77.25,57.94,52.94,LIMITED,False,NO_LIMITATIONS,none,False
goras2010,2010,13,1,2010-v13-n1,Spatial Filtering Using Analog Parallel Architectures and Their Log-Domain Implementation,Liviu Goraş,2,73-83,,research,2,80,30,60,0,57.5,43.12,24.0,CRITICAL,True,EXCESSIVE_SELF_CITATION,none,True
weststrate2010,2010,13,1,2010-v13-n1,Design Trade-offs and Limitations of a LC-Ladder and Capacitive Feedback LNA and its Application at mm-Wave Frequencies,Marnus Weststrate,3,98-107,,research,2,85,60,70,0,72.5,54.38,49.38,LIMITED,False,ELEVATED_SELF_CITATION,none,True
adorna2010,2010,13,2,2010-v13-n2,On Communication Complexity in Evolution-Communication P Systems,Henry Adorna,3,113-130,,research,5,85,40,75,0,66.75,50.06,24.0,CRITICAL,True,EXCESSIVE_SELF_CITATION,none,False
christinal2010,2010,13,2,2010-v13-n2,Thresholding 2D Images with Cell-like P Systems,Hepzibah A. Christinal,4,131-140,,research,2,0,90,60,0,46.5,34.88,24.0,CRITICAL,True,FORMALISM_THEATER,none,True
diazpernil2010,2010,13,2,2010-v13-n2,Computing Homology Groups in Binary 2D Imagery by Tissue-like P Systems,Daniel Díaz-Pernil,4,141-152,,research,2,0,92,50,0,44.7,33.52,24.0,CRITICAL,True,FORMALISM_THEATER,none,True
lefticaru2010,2010,13,2,2010-v13-n2,Model Checking Based Test Generation from P Systems Using P-Lingua,Raluca Lefticaru,3,153-168,,research,2,0,60,65,70,37.25,45.44,24.0,CRITICAL,True,FORMALISM_THEATER|ELEVATED_SELF_CITATION,code,True
leporati2010,2010,13,2,2010-v13-n2,Modeling and Analysis of Firewalls by (Tissue-like) P Systems,Alberto Leporati,2,169-180,,research,2,0,95,55,0,47.0,35.25,24.0,CRITICAL,True,FORMALISM_THEATER,none,False
obtulowicz2010,2010,13,2,2010-v13-n2,Gandy-Păun-Rozenberg Machines,Adam Obtulowicz,1,181-196,,research,4,80,95,55,0,79.0,59.25,59.25,LIMITED,False,,none,False
porreca2010,2010,13,2,2010-v13-n2,Complete Problems for a Variant of P Systems with Active Membranes,Antonio E. Porreca,4,197-207,,research,4,90,92,85,0,89.45,67.09,67.09,ADEQUATE,False,,none,False
sburlan2010,2010,13,2,2010-v13-n2,Notes on Catalytic P Systems,Dragoş Sburlan,1,208-216,,research,5,85,90,65,0,81.75,61.31,61.31,ADEQUATE,False,,none,False
giurgiu2010,2010,13,3,2010-v13-n3,An implementation of the backtracking algorithm for multicore systems,Claudiu-Florin Giurgiu,1,241-254,,research,2,0,92,50,0,44.7,33.52,24.0,CRITICAL,True,FORMALISM_THEATER|UNNECESSARY_SET_THEORY,none,True
burileanu2010,2010,13,3,2010-v13-n3,Multi-Access Network-Based TTS Architectures,Dragos Burileanu,5,310-320,,research,1,85,60,40,0,65.0,48.75,43.75,LIMITED,False,ELEVATED_SELF_CITATION,none,True
lazar2010,2010,13,3,2010-v13-n3,On Eco-Foraging Systems,Katalin Anna Lázár,3,279-309,,research,5,88,70,70,0,77.2,57.9,52.9,LIMITED,False,ELEVATED_SELF_CITATION,none,False
marton2010,2010,13,3,2010-v13-n3,Randomness in Digital Cryptography: A Survey,Kinga Marton,3,219-240,,research,1,80,95,65,0,81.5,61.12,61.12,ADEQUATE,False,,none,False
chesaru2010,2010,13,4,2010-v13-n4,Discontinous-Time Comparator with State Saving,Valentin Chesaru,4,323-331,,research,1,82,40,58,0,61.3,45.98,24.0,CRITICAL,True,EXCESSIVE_SELF_CITATION,none,True
kliros2010,2010,13,4,2010-v13-n4,A Phenomenological Model for the Quantum Capacitance of Monolayer and Bilayer Graphene Devices,George S. Kliros,1,332-341,,research,2,85,95,68,0,84.25,63.19,63.19,ADEQUATE,False,,none,True
cobianu2010,2010,13,4,2010-v13-n4,Emerging All-Differential Chemical Sensing,Cornel Cobianu,5,342-349,,research,1,80,35,45,0,55.5,41.62,24.0,CRITICAL,True,EXCESSIVE_SELF_CITATION,none,True
bragaru2010,2010,13,4,2010-v13-n4,Platinum Nanoparticles for Nanocomposite Membranes Preparation,Adina Bragaru,7,350-357,,research,2,82,90,42,0,74.8,56.1,56.1,LIMITED,False,,none,True
mihailescu2010,2010,13,4,2010-v13-n4,Two-Steps Profile Diffractive Microlenses Design to Generate Binary Focal Points Along The Propagation Axis,Mona Mihailescu,3,358-367,,research,2,85,90,55,0,79.25,59.44,54.44,LIMITED,False,NO_LIMITATIONS,none,True
damaceanu2010,2010,13,4,2010-v13-n4,Nanostructured Polyimide Films by UV Excimer Laser Irradiation,Mariana-Dana Damaceanu,5,368-377,,research,2,85,35,58,0,60.75,45.56,24.0,CRITICAL,True,EXCESSIVE_SELF_CITATION|NO_LIMITATIONS,none,True
volmer2010,2010,13,4,2010-v13-n4,On Designing a Positioning and Detection System for a Lab-on-a-Chip Device,Marius Volmer,2,378-388,,research,2,85,62,58,0,70.2,52.65,47.65,LIMITED,False,ELEVATED_SELF_CITATION,none,True
rusu2010,2010,13,4,2010-v13-n4,Macromodel and Emulator of the Avalanche Gate-Controlled Diode Working in the Analog Regime,Adrian Rusu,6,389-398,,research,2,85,20,45,0,52.25,39.19,24.0,CRITICAL,True,EXCESSIVE_SELF_CITATION|NO_LIMITATIONS,none,True
zhang2011,2011,14,1,2011-v14-n1,A membrane-inspired approximate algorithm for traveling salesman problems,Gexiang Zhang,3,3-19,,research,2,0,60,70,100,38.5,53.88,24.0,CRITICAL,True,FORMALISM_THEATER|DECORATIVE_DEFINITIONS|ELEVATED_SELF_CITATION|NO_LIMITATIONS,code_and_data,True
metta2011,2011,14,1,2011-v14-n1,Spiking Neural P Systems with Anti-Spikes as Transducers,Venkata Padmavati Metta,3,20-30,,research,4,82,92,60,0,80.0,60.0,55.0,LIMITED,False,NO_LIMITATIONS,none,False
basci2011,2011,14,1,2011-v14-n1,Document Type Definition (DTD) Metrics,Dilek Basci,2,31-50,,research,2,80,92,50,50,76.7,70.02,65.02,ADEQUATE,False,NO_LIMITATIONS,data,True
ionita2011,2011,14,1,2011-v14-n1,Automatic Transformations for Integrating Instrument Models across Technological Spaces,Anca Daniela Ionita,4,51-66,,research,1,85,80,45,0,73.25,54.94,54.94,LIMITED,False,,none,True
hadjkhalifa2011,2011,14,1,2011-v14-n1,Transportation Process of Containers BPMN-Modeling and Transformation into ACTIF Model,Ismahène Hadj Khalifa,3,67-80,,research,1,85,95,40,0,77.25,57.94,57.94,LIMITED,False,,none,True
darabant2011,2011,14,1,2011-v14-n1,Clustering methods in data fragmentation,Adrian Sergiu Darabant,2,81-97,,research,2,80,40,50,0,58.5,43.88,24.0,CRITICAL,True,EXCESSIVE_SELF_CITATION,none,True
goosen2011,2011,14,2,2011-v14-n2,A Low Switching Time BiCMOS CML Transmitter for High Speed Adaptive Pre-Emphasis Serial Links,Marius Goosen,3,101-111,,research,2,82,92,62,0,80.5,60.38,60.38,ADEQUATE,False,,none,True
cojan2011,2011,14,2,2011-v14-n2,A Matching Network Free Approach in Designing Inductorless Low Noise Amplifiers with Programmable Gain for FM-Radio Receivers,Radu Adrian Cojan,2,112-122,,research,2,85,82,50,0,75.2,56.4,56.4,LIMITED,False,,none,True
sharma2011,2011,14,2,2011-v14-n2,Radiation Performance of an Elliptical Patch Antenna with Three Orthogonal Sector Slots,Vijay Sharma,4,123-130,,research,2,85,80,55,0,75.75,56.81,56.81,LIMITED,False,,none,True
ilie2011,2011,14,2,2011-v14-n2,Circular Interpolation for Morphing 3D Facial Animations,Mihai Daniel Ilie,3,131-148,,research,2,72,95,45,0,73.3,54.97,54.97,LIMITED,False,,none,True
radescu2011,2011,14,2,2011-v14-n2,LIPT-Derived Transform Methods Used in Lossless Compression of Text Files,Radu Rădescu,1,149-158,,research,2,85,55,35,50,62.0,59.0,49.0,LIMITED,False,ELEVATED_SELF_CITATION|NO_LIMITATIONS,data,True
niculescu2011,2011,14,2,2011-v14-n2,PARES - A Model for Parallel Recursive Programs,Virginia Niculescu,1,159-182,,research,3,80,62,52,0,66.7,50.03,45.03,LIMITED,False,ELEVATED_SELF_CITATION,none,False
dinca2011,2011,14,2,2011-v14-n2,Computing Partial Recursive Functions by Deterministic Symport/Antiport P-Systems,Ionuţ Dincă,1,183-199,,research,5,82,92,55,0,78.75,59.06,54.06,LIMITED,False,NO_LIMITATIONS,none,False
ravariu2011,2011,14,3,2011-v14-n3,Arguments for The NOI Nanotransistor Affiliation to The FETs Family,Cristian Ravariu,2,203-211,,research,2,80,30,55,0,56.25,42.19,24.0,CRITICAL,True,EXCESSIVE_SELF_CITATION,none,True
cismaru2011,2011,14,3,2011-v14-n3,EMBG Resonators Based on Carbon Nanotubes for DNA Detection,Alina Cismaru,6,212-221,,research,2,85,90,50,0,78.0,58.5,53.5,LIMITED,False,NO_LIMITATIONS,none,True
serban2011,2011,14,3,2011-v14-n3,CO2 Sensing Layers for SAW/BAW Devices,Bogdan Şerban,8,222-231,,research,2,85,35,55,0,60.0,45.0,24.0,CRITICAL,True,EXCESSIVE_SELF_CITATION,none,True
neacsu2011,2011,14,3,2011-v14-n3,A Continuous Chaos Generator Using Harmonic Oscillator Circuit,Cristian Neacşu,4,232-241,,research,2,85,90,55,0,79.25,59.44,54.44,LIMITED,False,NO_LIMITATIONS,none,True
rusu2011,2011,14,3,2011-v14-n3,Programmable Low Pass Filter Using the Gated Diode in Breakdown Collapse Regime,Alexandru Rusu,4,242-250,,research,2,85,35,60,0,61.25,45.94,24.0,CRITICAL,True,EXCESSIVE_SELF_CITATION,none,True
stanescu2011,2011,14,3,2011-v14-n3,Adjustable LDO with External Control Technique for Current Limit,Cornel Stănescu,4,251-258,,research,2,85,10,60,0,52.5,39.38,24.0,CRITICAL,True,EXCESSIVE_SELF_CITATION,none,True
giacomozzi2011,2011,14,3,2011-v14-n3,A Flexible Fabrication Process for RF MEMS Devices,F. Giacomozzi,6,259-268,,research,1,85,25,55,0,56.5,42.38,24.0,CRITICAL,True,EXCESSIVE_SELF_CITATION,none,True
bunea2011,2011,14,3,2011-v14-n3,Analytic and Electromagnetic Investigation of Millimeter Wave Membrane Supported CPWs Processed on High Resistivity Silicon,Alina-Cristina Bunea,3,269-283,,research,2,85,95,75,0,86.0,64.5,64.5,ADEQUATE,False,,none,True
buiculescu2011,2011,14,3,2011-v14-n3,Operating Frequency Extension of Surface Assembled Microwave Components,Valentin Buiculescu,1,284-295,,research,2,85,80,50,0,74.5,55.88,55.88,LIMITED,False,,none,True
sirbu2011,2011,14,4,2011-v14-n4,Nanostructured Film of Indium Phosphide as Biosensor in 1D Array Electrowetting System,L. Sirbu,10,299-308,,research,2,80,35,40,0,54.25,40.69,24.0,CRITICAL,True,EXCESSIVE_SELF_CITATION,none,True
nedelcu2011,2011,14,4,2011-v14-n4,A Thermal Study on Joule-Heating Induced Effects in Dielectrophoretic Microfilters,Oana Tatiana Nedelcu,1,309-323,,research,2,85,92,55,0,79.95,59.96,54.96,LIMITED,False,NO_LIMITATIONS,none,True
kosa2011,2011,14,4,2011-v14-n4,Longitudinal Elastic Waves in Deformed Carbon Nanotubes,Gergely Kosa,3,324-333,,research,2,85,95,65,0,83.5,62.62,62.62,ADEQUATE,False,,none,True
stefanescu2011,2011,14,4,2011-v14-n4,Analysis of GaN Based SAW Resonators including FEM Modeling,A. Ştefănescu,6,334-345,,research,2,85,92,55,0,79.95,59.96,59.96,LIMITED,False,,none,True
vasile2011,2011,14,4,2011-v14-n4,Study of Microstructure and Elemental Micro-Composition of ZnO:Al Thin Films by Scanning and High Resolution Transmission Electron Microscopy and Energy Dispersive X-Ray Spectroscopy,E. Vasile,4,346-355,,research,2,80,85,45,0,73.0,54.75,54.75,LIMITED,False,,none,True
dragoi2011,2011,14,4,2011-v14-n4,Aligned Fusion Wafer Bonding for CMOS-MEMS and 3D Wafer-Level Integration Applications,V. Drăgoi,5,356-364,,research,1,80,30,35,0,51.25,38.44,24.0,CRITICAL,True,EXCESSIVE_SELF_CITATION|NO_LIMITATIONS,none,False
kim2011,2011,14,4,2011-v14-n4,A Clock Generating System for USB 2.0 with a High-PSR Bandgap Reference Generator,Seok Kim,5,380-391,,research,2,80,80,50,0,72.5,54.38,49.38,LIMITED,False,NO_LIMITATIONS,none,True
tulbure2011,2011,14,4,2011-v14-n4,Testability Optimizations for A Time Multiplexed CPLD Implemented on Structured ASIC Technology,Traian Tulbure,2,392-398,,research,2,80,88,50,0,75.3,56.47,56.47,LIMITED,False,,none,True
cabarle2012,2012,15,1,2012-v15-n1,Improving GPU Simulations of Spiking Neural P Systems,Francis George C. Cabarle,4,5-20,,research,2,0,30,50,0,23.0,17.25,17.25,CRITICAL,True,FORMALISM_THEATER|DECORATIVE_DEFINITIONS|UNNECESSARY_SET_THEORY|DISPROPORTIONATE_FORMALISM|EXCESSIVE_SELF_CITATION,none,True
jebasingh2012,2012,15,1,2012-v15-n1,Constructing Non-Periodic Tiling Patterns with P System,Stephen Raj Jebasingh,3,21-32,,research,3,65,25,35,0,43.5,32.62,24.0,CRITICAL,True,EXCESSIVE_SELF_CITATION|NO_LIMITATIONS,none,False
niu2012,2012,15,1,2012-v15-n1,Solving Common Algorithmic Problem by Recognizer Tissue P Systems,Yunyun Niu,3,33-49,,research,4,60,25,75,0,51.5,38.62,24.0,CRITICAL,True,EXCESSIVE_SELF_CITATION|ELEVATED_FORMALISM,none,False
li2012,2012,15,1,2012-v15-n1,A Modified Estimation of Distribution Algorithm for Digital Filter Design,Yuquan Li,6,50-62,,research,2,85,92,45,0,77.45,58.09,53.09,LIMITED,False,NO_LIMITATIONS,none,True
muniyandi2012,2012,15,1,2012-v15-n1,Modeling Hormone-induced Calcium Oscillations in Liver Cell with Membrane Computing,Ravie Chandren Muniyandi,2,63-76,,research,2,80,78,45,0,70.55,52.91,52.91,LIMITED,False,,none,True
alexandru2012,2012,15,2,2012-v15-n2,Nominal Event Structures,Andrei Alexandru,2,79-90,,research,4,82,92,78,0,84.5,63.38,63.38,ADEQUATE,False,,none,False
franti2012,2012,15,2,2012-v15-n2,Methods of Acquisition and Signal Processing for Myoelectric Control of Artificial Arms,Eduard Franţi,8,91-105,,research,1,80,80,35,0,68.75,51.56,46.56,LIMITED,False,NO_LIMITATIONS,none,True
crawford2012,2012,15,2,2012-v15-n2,Dynamic Selection of Enumeration Strategies for Solving Constraint Satisfaction Problems,Broderick Crawford,6,106-128,,research,2,82,62,65,0,70.75,53.06,48.06,LIMITED,False,ELEVATED_SELF_CITATION,none,True
khan2012,2012,15,2,2012-v15-n2,Optimized Dynamic Task Allocation and Priority Assignments in an Immunized Autonomous Multi-Robot Search and Rescue Operation,M. Tahir Khan,5,129-145,,research,2,0,35,45,0,23.5,17.62,17.62,CRITICAL,True,EXCESSIVE_SELF_CITATION|FORMALISM_THEATER|UNNECESSARY_SET_THEORY,none,True
ahmad2012,2012,15,2,2012-v15-n2,Congestion Control in Multi Channel 802.11b and 802.11g Wireless Networks,Mudassar Ahmad,3,146-154,,research,2,80,78,30,0,66.8,50.1,45.1,LIMITED,False,NO_LIMITATIONS,none,True
akashe2012,2012,15,2,2012-v15-n2,High Density and Low Leakage Current Based 5T SRAM Cell Using 45 nm Technology,Shyam Akashe,3,155-168,,research,2,70,85,20,0,62.75,47.06,32.06,CONCERNING,False,UNSUPPORTED_CLAIMS,none,True
alexandru2012a,2012,15,3,2012-v15-n3,Nominal Semantics of Mobility,Andrei Alexandru,2,171-214,,research,4,40,92,60,0,63.2,47.4,42.4,LIMITED,False,DISPROPORTIONATE_FORMALISM|NO_LIMITATIONS,none,False
petrica2012,2012,15,3,2012-v15-n3,A SIMD Approach to Thread Matching for Interleaved Multithreading,Lucian Petrică,1,215-228,,research,2,80,90,55,0,77.25,57.94,57.94,LIMITED,False,,none,True
ilie2012,2012,15,3,2012-v15-n3,An efficient 3D Visual Speech Synthesis Framework for Romanian Language Logopedics use,Mihai Daniel Ilie,3,229-245,,research,2,0,90,40,0,41.5,31.12,24.0,CRITICAL,True,FORMALISM_THEATER|NO_LIMITATIONS,none,True
subramanian2012,2012,15,3,2012-v15-n3,Generative models for pictures tiled by triangles,K. G. Subramanian,4,246-265,,research,4,78,60,60,0,67.2,50.4,45.4,LIMITED,False,ELEVATED_SELF_CITATION,none,False
shi2012,2012,15,3,2012-v15-n3,An Efficient RSA-Based Remote User Authentication Scheme,Wenbo Shi,2,266-276,,research,2,0,95,45,0,44.5,33.38,24.0,CRITICAL,True,FORMALISM_THEATER|DISPROPORTIONATE_FORMALISM,none,False
cret2012,2012,15,3,2012-v15-n3,Implementing True Random Number Generators Based on High Fanout Nets,Octavian Creţ,3,277-298,,research,2,85,55,62,0,68.75,51.56,46.56,LIMITED,False,ELEVATED_SELF_CITATION,none,True
ramanujan2012,2012,15,4,2012-v15-n4,Control Languages Associated with Spiking Neural P Systems,Ajeesh Ramanujan,2,301-318,,research,5,80,62,70,0,71.2,53.4,48.4,LIMITED,False,ELEVATED_SELF_CITATION,none,False
mandal2012,2012,15,4,2012-v15-n4,Maintaining a Minimum Spanning Tree for Kinetic Autonomous Robots in 2D-Euclidean Plane,Chintan Mandal,3,319-334,,research,2,80,92,55,0,77.95,58.46,58.46,LIMITED,False,,none,True
chang2012,2012,15,4,2012-v15-n4,On The Harmonic Index and The Minimum Degree of A Graph,Renying Chang,2,335-343,,research,3,85,80,70,0,79.5,59.62,54.62,LIMITED,False,NO_LIMITATIONS,none,False
stanimirovic2012,2012,15,4,2012-v15-n4,Block Method for Convex Polygon Triangulation,Predrag S. Stanimirović,4,344-354,,research,2,0,92,50,0,44.7,33.52,24.0,CRITICAL,True,FORMALISM_THEATER|UNNECESSARY_SET_THEORY,none,True
kusko2012,2012,15,4,2012-v15-n4,Design Studies of Integrated Fabry-Perot Sensor Based on Bragg Grating Mirrors,Mihai Kusko,1,355-367,,research,2,85,93,70,0,84.05,63.04,63.04,ADEQUATE,False,,none,True
franti2012a,2012,15,4,2012-v15-n4,Personalized Support System for The Patients with Forearm Amputations,Eduard Franti,10,368-376,,research,1,85,35,25,0,52.5,39.38,24.0,CRITICAL,True,EXCESSIVE_SELF_CITATION|UNSUPPORTED_CLAIMS|NO_LIMITATIONS,none,True
sosik2013,2013,16,1,2013-v16-n1,A Catalytic P System with Two Catalysts Generating a Non-Semilinear Set,Petr Sosík,1,3-9,,research,4,85,40,75,0,66.75,50.06,24.0,CRITICAL,True,EXCESSIVE_SELF_CITATION,none,False
ege2013,2013,16,1,2013-v16-n1,Cohomology Theory for Digital Images,Ozgur Ege,2,10-28,,research,3,60,78,50,0,63.8,47.85,37.85,CONCERNING,False,ELEVATED_FORMALISM|NO_LIMITATIONS,none,False
teodorescu2013,2013,16,1,2013-v16-n1,Improved Heterogeneous Gaussian and Uniform Mixed Models (G-U-MM) and Their Use in Image Segmentation,Horia-Nicolai Teodorescu,2,29-51,,research,2,80,85,50,50,74.25,68.19,68.19,ADEQUATE,False,,data,True
soto2013,2013,16,1,2013-v16-n1,Nurse and Paramedic Rostering with Constraint Programming: A Case Study,Ricardo Soto,5,52-64,,research,2,0,35,40,0,22.25,16.69,16.69,CRITICAL,True,FORMALISM_THEATER|EXCESSIVE_SELF_CITATION|NO_LIMITATIONS,none,True
yousefikhoshbakht2013,2013,16,1,2013-v16-n1,Modification of the Ant Colony Optimization for Solving the Multiple Traveling Salesman Problem,Majid Yousefikhoshbakht,3,65-80,,research,2,80,80,35,50,68.75,64.06,59.06,LIMITED,False,NO_LIMITATIONS,data,True
morariu2013,2013,16,1,2013-v16-n1,Vector versus Tree Model Representation in Document Clustering,Daniel I. Morariu,3,81-102,,research,2,82,90,50,0,76.8,57.6,57.6,LIMITED,False,,none,True
spariosu2013b,2013,16,2,2013-v16-n2,Computational Models of Intercultural Relations in Banat and Transylvania: Theoretical and Practical Issues,Mihai I. Spăriosu,1,109-130,,research,1,85,85,35,30,72.5,61.88,46.88,LIMITED,False,UNSUPPORTED_CLAIMS,claimed,True
malita2013a,2013,16,2,2013-v16-n2,Real Complexity vs. Apparent Complexity in Modeling Social Processes,Mihaela Maliţa,2,131-143,,research,1,0,95,50,0,45.75,34.31,24.0,CRITICAL,True,FORMALISM_THEATER|DECORATIVE_DEFINITIONS,none,False
trausanmatu2013,2013,16,2,2013-v16-n2,"A Polyphonic Model, Analysis Method and Computer Support Tools for the Analysis of Socially-Built Discourse",Ştefan Trăuşan-Matu,1,144-154,,research,1,85,30,45,0,55.75,41.81,24.0,CRITICAL,True,EXCESSIVE_SELF_CITATION|NO_LIMITATIONS,none,True
schloer2013,2013,16,2,2013-v16-n2,The Quantum Relation Principle: Technological Implementation and Real World Application in Intercultural Conflict Detection and Management,Hardy F. Schloer,1,155-176,,research,1,0,80,15,0,31.75,23.81,23.81,CRITICAL,True,FORMALISM_THEATER|UNSUPPORTED_CLAIMS,none,True
malita2013b,2013,16,2,2013-v16-n2,Control Global Loops in Self-Organizing Systems,Mihaela Maliţa,2,177-191,,research,2,0,35,60,70,27.25,37.94,24.0,CRITICAL,True,FORMALISM_THEATER|EXCESSIVE_SELF_CITATION,code,True
cremene2013,2013,16,2,2013-v16-n2,A Game Theoretical Perspective on Cooperation in Low Confidence Environments,Marcel Cremene,3,192-202,,research,2,85,95,50,0,79.75,59.81,54.81,LIMITED,False,NO_LIMITATIONS,none,True
suciu2013,2013,16,2,2013-v16-n2,Evolutionary Dynamic for Inter-Group Cooperation,Mihai Suciu,3,203-216,,research,2,0,95,50,0,45.75,34.31,24.0,CRITICAL,True,FORMALISM_THEATER|DECORATIVE_DEFINITIONS,none,True
neumann2013,2013,16,2,2013-v16-n2,Securizitating the Nation: Simulating the Dynamics at the Case of Yugoslavia,Martin Neumann,1,217-236,,research,2,85,90,60,0,80.5,60.38,60.38,ADEQUATE,False,,none,True
jecan2013,2013,16,2,2013-v16-n2,Concept Mapping of Ideological Positioning in Cultural and Political Periodicals in the Interbellum Cluj,Vlad Jecan,2,237-250,,research,2,0,90,45,0,42.75,32.06,24.0,CRITICAL,True,FORMALISM_THEATER|DECORATIVE_DEFINITIONS,none,True
zhong2013,2013,16,4,2013-v16-n4,On The Harmonic Index and The Girth for Graphs,Lingping Zhong,1,253-260,,research,3,85,80,70,0,79.5,59.62,54.62,LIMITED,False,NO_LIMITATIONS,none,False
alexandru2013,2013,16,4,2013-v16-n4,Nominal Techniques for πI-Calculus,Andrei Alexandru,2,261-286,,research,4,60,78,60,0,66.3,49.72,44.72,LIMITED,False,ELEVATED_FORMALISM,none,False
garg2013,2013,16,4,2013-v16-n4,A Secure Image Based Watermarking for 3D Polygon Mesh,Hitendra Garg,2,287-303,,research,2,0,95,50,50,45.75,46.81,24.0,CRITICAL,True,FORMALISM_THEATER|UNNECESSARY_SET_THEORY,data,True
andreica2013,2013,16,4,2013-v16-n4,"Sequential Algorithms for Constructing an ""Out-of-Place"" Multidimensional Quad-Tree Index for Answering Exact and Approximate Fixed-Radius Nearest Neighbor Queries",Mugurel Ionuţ Andreica,2,304-323,,research,3,80,88,50,0,75.3,56.47,56.47,LIMITED,False,,none,True
wu2013,2013,16,4,2013-v16-n4,An Improved Authentication Protocol for Session Initiation Protocol Using Smart Card and Elliptic Curve Cryptography,Kan Wu,5,324-335,,research,2,80,95,35,0,74.0,55.5,50.5,LIMITED,False,NO_LIMITATIONS,none,False
bira2013,2013,16,4,2013-v16-n4,OPINCAA: A Light-Weight and Flexible Programming Environment For Parallel SIMD Accelerators,Călin Bîră,3,336-350,,research,1,85,95,60,0,82.25,61.69,61.69,ADEQUATE,False,,none,True
mao2013,2013,16,4,2013-v16-n4,Ordering Trees by Sum-Connectivity Indices,Jianshu Mao,2,351-364,,research,3,60,30,60,0,49.5,37.12,24.0,CRITICAL,True,EXCESSIVE_SELF_CITATION|ELEVATED_FORMALISM|NO_LIMITATIONS,none,False
delrey2013,2013,16,4,2013-v16-n4,A Note on the Reversibility Of Elementary Cellular Automaton 150 With Periodic Boundary Conditions,Angel Martín del Rey,1,365-372,,research,3,80,92,45,0,75.45,56.59,51.59,LIMITED,False,NO_LIMITATIONS,none,False
bansal2013,2013,16,4,2013-v16-n4,Distributed Scheduling on Utility Grids,Sunita Bansal,2,373-392,,research,2,0,95,45,0,44.5,33.38,24.0,CRITICAL,True,FORMALISM_THEATER,none,True
jiang2014,2014,17,1,2014-v17-n1,Small universal sequential spiking neural P systems based on minimum spike number,Keqin Jiang,4,5-18,,research,5,88,95,65,0,84.7,63.53,58.53,LIMITED,False,NO_LIMITATIONS,none,False
kong2014,2014,17,1,2014-v17-n1,Small Universal Spiking Neural P Systems with Astrocytes,Yuan Kong,4,19-32,,research,5,85,95,60,0,82.25,61.69,56.69,LIMITED,False,NO_LIMITATIONS,none,False
metta2014,2014,17,1,2014-v17-n1,Parallel Programming in Spiking Neural P Systems with Anti-Spikes,Venkata Padmavati Metta,2,33-45,,research,2,80,60,65,0,69.25,51.94,46.94,LIMITED,False,ELEVATED_SELF_CITATION,none,False
nicolescu2014,2014,17,1,2014-v17-n1,Complex Objects for Complex Applications,Radu Nicolescu,2,46-62,,research,3,75,25,60,0,53.75,40.31,24.0,CRITICAL,True,EXCESSIVE_SELF_CITATION,none,False
peng2014a,2014,17,1,2014-v17-n1,A Region-based Color Image Segmentation Method Based on P Systems,Hong Peng,5,63-75,,research,2,0,30,40,0,20.5,15.38,15.38,CRITICAL,True,FORMALISM_THEATER|UNNECESSARY_SET_THEORY|EXCESSIVE_SELF_CITATION|UNSUPPORTED_CLAIMS,none,True
peng2014b,2014,17,1,2014-v17-n1,DE-MC: A Membrane Clustering Algorithm Based on Differential Evolution Mechanism,Hong Peng,5,76-88,,research,2,0,80,50,50,40.5,42.88,24.0,CRITICAL,True,FORMALISM_THEATER|NO_LIMITATIONS,data,True
perezhurtado2014,2014,17,1,2014-v17-n1,A P-Lingua based Simulator for Tissue P Systems with Cell Separation,Ignacio Pérez-Hurtado,5,89-102,,research,2,80,20,65,70,55.25,58.94,24.0,CRITICAL,True,EXCESSIVE_SELF_CITATION,code,True
subramanian2014,2014,17,1,2014-v17-n1,Parallel Array-rewriting P Systems,K.G. Subramanian,4,103-116,,research,4,85,35,65,0,62.5,46.88,24.0,CRITICAL,True,EXCESSIVE_SELF_CITATION,none,False
vintan2014,2014,17,2,2014-v17-n2,Multi-Objective Optimization of Advanced Computing Systems: Some Achievements and Fertile Work Directions,Lucian N. Vinţan,1,121-133,,research,1,85,30,55,70,58.25,61.19,24.0,CRITICAL,True,EXCESSIVE_SELF_CITATION,code,True
pop2014,2014,17,2,2014-v17-n2,A Quality-Aware Forensic Speaker Recognition System,Gheorghe Pop,3,134-149,,research,2,75,95,40,50,73.25,67.44,62.44,ADEQUATE,False,NO_LIMITATIONS,data,True
bira2014,2014,17,2,2014-v17-n2,Transpose-MapReduce Applications on Connex Architecture,Călin Bîra,4,150-176,,research,2,80,35,60,70,59.25,61.94,24.0,CRITICAL,True,EXCESSIVE_SELF_CITATION,code,True
song2014,2014,17,2,2014-v17-n2,A Small Universal Spiking Neural P System with Cooperating Rules,Tao Song,2,177-189,,research,5,80,35,60,0,59.25,44.44,24.0,CRITICAL,True,EXCESSIVE_SELF_CITATION,none,False
grzegorek2014,2014,17,2,2014-v17-n2,Online Algorithms for 3-Space Bounded 2-Dimensional Bin Packing and Square Packing,Paulina Grzegorek,2,190-203,,research,3,60,82,65,0,68.95,51.71,41.71,LIMITED,False,ELEVATED_FORMALISM|NO_LIMITATIONS,none,False
soto2014,2014,17,2,2014-v17-n2,Sequentially Dependent Meta-Constraint Satisfaction Problem: An Application to Video Games,Ricardo Soto,4,204-216,,research,2,0,92,50,0,44.7,33.52,24.0,CRITICAL,True,FORMALISM_THEATER|UNNECESSARY_SET_THEORY|DECORATIVE_DEFINITIONS,none,True
boiangiu2014,2014,17,3,2014-v17-n3,Applying Localized Otsu for Watershed Segmented Images,Costin-Anton Boiangiu,2,219-229,,research,2,80,80,45,0,71.25,53.44,53.44,LIMITED,False,,none,True
zhu2014,2014,17,3,2014-v17-n3,On the Harmonic Index of Unicyclic Conjugated Molecules,Yan Zhu,2,230-236,,research,3,85,92,75,0,84.95,63.71,63.71,ADEQUATE,False,,none,False
saracevic2014,2014,17,3,2014-v17-n3,Construction and Notation of Convex Polygon Triangulation Based on Ballot Problem,Muzafer H. Saračević,4,237-251,,research,2,0,35,55,70,26.0,37.0,24.0,CRITICAL,True,EXCESSIVE_SELF_CITATION|FORMALISM_THEATER,code,True
crawford2014,2014,17,3,2014-v17-n3,A Binary Coded Firefly Algorithm that Solves the Set Covering Problem,Broderick Crawford,7,252-264,,research,2,80,60,35,50,61.75,58.81,48.81,LIMITED,False,ELEVATED_SELF_CITATION|NO_LIMITATIONS,data,True
alexandru2014,2014,17,3,2014-v17-n3,A Nominal Approach of Fusion Calculus,Andrei Alexandru,2,265-288,,research,4,60,62,60,0,60.7,45.53,35.53,CONCERNING,False,ELEVATED_FORMALISM|ELEVATED_SELF_CITATION,none,False
chitescu2014,2014,17,3,2014-v17-n3,Sugeno Measures on the Code Space,Ion Chiţescu,2,289-301,,research,3,60,62,62,0,61.2,45.9,30.9,CONCERNING,False,ELEVATED_FORMALISM|ELEVATED_SELF_CITATION|NO_LIMITATIONS,none,False
bunea2014,2014,17,4,2014-v17-n4,Low Temperature Co-Fired Ceramic Antenna for 35 GHz Applications with a Wideband GCPW to Stripline Transition,A. C. Bunea,4,305-319,,research,2,85,80,75,0,80.75,60.56,60.56,ADEQUATE,False,,none,True
giangu2014,2014,17,4,2014-v17-n4,Development and Experimental Results on LTCC Packages for Acoustic Wave Sensing Devices,I. Giangu,12,320-339,,research,2,85,55,60,0,68.25,51.19,46.19,LIMITED,False,ELEVATED_SELF_CITATION,none,True
pascu2014,2014,17,4,2014-v17-n4,POCl3 Annealing Effect on The Flat Band Voltage Instabilities for a SiC Based MOS Capacitor at High Temperature,Razvan Pascu,8,340-352,,research,2,85,95,65,0,83.5,62.62,57.62,LIMITED,False,NO_LIMITATIONS,none,True
vornicu2014,2014,17,4,2014-v17-n4,A CMOS Imager for Time-of-Flight and Photon Counting Based on Single Photon Avalanche Diodes and In-Pixel Time-to-Digital Converters,Ion Vornicu,3,353-371,,research,2,85,80,65,0,78.25,58.69,58.69,LIMITED,False,,none,True
biziitu2014,2014,17,4,2014-v17-n4,Integrated Dual-chain Dickson Charge Pump optimized for Resistive Loads,Florin Bîzîitu,3,372-388,,research,2,85,55,70,0,70.75,53.06,48.06,LIMITED,False,ELEVATED_SELF_CITATION,none,True
tudor2014,2014,17,4,2014-v17-n4,Beam Shaping for Phase Singularities,Rebeca Tudor,7,389-404,,research,2,80,95,55,0,79.0,59.25,59.25,LIMITED,False,,none,True
boldeiu2014,2014,17,4,2014-v17-n4,Dielectric Sensing with Back-Gated Nanowires,George Boldeiu,3,405-416,,research,2,85,40,75,0,66.75,50.06,24.0,CRITICAL,True,EXCESSIVE_SELF_CITATION,none,True
banu2014,2014,17,4,2014-v17-n4,High Temperature Compensated Voltage Reference Integrated Circuits on 4H-SiC Material,Viorel Banu,6,417-432,,research,2,85,35,60,0,61.25,45.94,24.0,CRITICAL,True,EXCESSIVE_SELF_CITATION,none,True
popescu2015,2015,18,1,2015-v18-n1,Networks of Polarized Evolutionary Picture Processors,Ştefan Popescu,1,3-17,,research,4,85,92,60,0,81.2,60.9,55.9,LIMITED,False,NO_LIMITATIONS,none,False
sys2015,2015,18,1,2015-v18-n1,On the Interpretation of Results from the NIST Statistical Test Suite,Marek Sýs,5,18-32,,research,2,85,92,72,50,84.2,75.65,75.65,ADEQUATE,False,,data,True
cucu2015,2015,18,1,2015-v18-n1,The SpeeD Grammar-based ASR System for the Romanian Language,Horia Cucu,3,33-53,,research,2,85,40,68,70,65.0,66.25,24.0,CRITICAL,True,EXCESSIVE_SELF_CITATION,code,True
petrica2015,2015,18,1,2015-v18-n1,IxFIZZ: Integrated Functional and Fuzz Testing Framework based on Sulley and SPIN,Lucian Petrică,4,54-68,,research,1,85,95,62,0,82.75,62.06,62.06,ADEQUATE,False,,none,True
chitescu2015,2015,18,1,2015-v18-n1,Approximation of Köthe-Bochner Spaces Lρ(X) in case X has a Schauder Basis,Ion Chiţescu,3,69-78,,research,3,85,82,68,0,79.7,59.78,59.78,LIMITED,False,,none,False
zene2015,2015,18,1,2015-v18-n1,Efficient Hardware Implementation of Snapshotting Algorithms for NoC Applications,Andrei Zene,4,79-92,,research,2,0,82,62,0,44.2,33.15,24.0,CRITICAL,True,FORMALISM_THEATER,none,True
paun2015,2015,18,2,2015-v18-n2,HPC Application in Cloud Environment,M. Paun,4,109-125,,research,3,80,95,50,0,77.75,58.31,53.31,LIMITED,False,NO_LIMITATIONS,none,True
maican2015,2015,18,2,2015-v18-n2,Minimum Spanning Tree Algorithm on MapReduce One-Chip Architecture,Voichiţa Maican,1,126-143,,research,2,0,90,40,0,41.5,31.12,24.0,CRITICAL,True,FORMALISM_THEATER|UNNECESSARY_SET_THEORY|DECORATIVE_DEFINITIONS|NO_LIMITATIONS,none,True
hayat2015,2015,18,2,2015-v18-n2,Computing Topological Indices of Honeycomb Derived Networks,Sakander Hayat,3,144-165,,research,2,0,60,40,0,31.0,23.25,23.25,CRITICAL,True,FORMALISM_THEATER|DECORATIVE_DEFINITIONS|DISPROPORTIONATE_FORMALISM|ELEVATED_SELF_CITATION|NO_LIMITATIONS,none,False
teodorescu2015,2015,18,2,2015-v18-n2,On the Regularities and Randomness of the Dynamics of Simple and Composed CAs with Applications,Horia-Nicolai Teodorescu,1,166-181,,research,2,0,78,50,0,39.8,29.85,24.0,CRITICAL,True,FORMALISM_THEATER|DECORATIVE_DEFINITIONS|DISPROPORTIONATE_FORMALISM,none,True
simecek2015,2015,18,2,2015-v18-n2,Utilization of GPU Acceleration in Le Bail Fitting Method,I. Šimeček,3,182-196,,research,2,85,35,55,0,60.0,45.0,24.0,CRITICAL,True,EXCESSIVE_SELF_CITATION,none,True
diazpernil2015,2015,18,3,2015-v18-n3,Recognizer P Systems with Antimatter,Daniel Díaz-Pernil,5,201-217,,research,4,80,30,70,0,60.0,45.0,24.0,CRITICAL,True,EXCESSIVE_SELF_CITATION,none,False
wang2015a,2015,18,3,2015-v18-n3,Decision Tree Models Induced by Membrane Systems,Jun Wang,5,228-239,,research,2,0,30,45,50,21.75,28.81,24.0,CRITICAL,True,FORMALISM_THEATER|DECORATIVE_DEFINITIONS|EXCESSIVE_SELF_CITATION|NO_LIMITATIONS,data,True
wang2015b,2015,18,3,2015-v18-n3,Fault Section Estimation of Power Systems with Optimization Spiking Neural P Systems,Tao Wang,5,240-255,,research,2,0,35,40,0,22.25,16.69,16.69,CRITICAL,True,FORMALISM_THEATER|DECORATIVE_DEFINITIONS|EXCESSIVE_SELF_CITATION,none,True
he2015,2015,18,3,2015-v18-n3,Fault Diagnosis of Metro Traction Power Systems Using A Modified Fuzzy Reasoning Spiking Neural P System,Yangyang He,5,256-272,,research,2,0,35,40,0,22.25,16.69,16.69,CRITICAL,True,FORMALISM_THEATER|DECORATIVE_DEFINITIONS|EXCESSIVE_SELF_CITATION,none,True
zhang2015,2015,18,3,2015-v18-n3,On String Languages Generated by Numerical P Systems,Zhiqiang Zhang,4,273-295,,research,5,80,35,65,0,60.5,45.38,24.0,CRITICAL,True,EXCESSIVE_SELF_CITATION,none,False
radescu2015,2015,18,4,2015-v18-n4,On Additional Constrains in Lossless Compression of Text Files,Radu Rădescu,1,299-311,,research,2,80,25,35,50,49.5,49.62,24.0,CRITICAL,True,EXCESSIVE_SELF_CITATION|NO_LIMITATIONS,data,True
frunza2015,2015,18,4,2015-v18-n4,Dielectric Properties of LDH-Type Layered Materials Containing Zn or Mg Ions: On the Non Monotonous Temperature Dependence of Relaxation Times,Ligia Frunza,6,312-328,,research,2,85,92,70,0,83.7,62.77,62.77,ADEQUATE,False,,none,True
lazar2015,2015,18,4,2015-v18-n4,P-Type Doping of 4H-SiC for Integrated Bipolar and Unipolar Devices,M. Lazar,10,329-342,,research,2,85,35,65,0,62.5,46.88,24.0,CRITICAL,True,EXCESSIVE_SELF_CITATION,none,True
volmer2015,2015,18,4,2015-v18-n4,Detection of Magnetic Nanoparticles for Lab-on-a Chip Applications,Marius Volmer,3,343-355,,research,2,85,68,75,0,76.55,57.41,52.41,LIMITED,False,ELEVATED_SELF_CITATION,none,True
amariutei2015,2015,18,4,2015-v18-n4,On the Suppression of Output Oscillations in a Software Controlled DC-DC Buck Converter,Roxana-Daniela Amariutei,5,356-375,,research,2,82,95,55,0,79.8,59.85,54.85,LIMITED,False,NO_LIMITATIONS,none,True
paun2015a,2015,18,4,2015-v18-n4,On the Necessary Verification of Fabrication Stages for SOI CMOS Humidity Sensors,Maria-Alexandra Paun,3,376-387,,research,2,0,88,50,0,43.3,32.47,24.0,CRITICAL,True,FORMALISM_THEATER,none,True
purdila2015,2015,18,4,2015-v18-n4,Low-Voltage Controlled Floating Buck Converter with Imbalanced Stacked MOSFETs Switch (ISMS) for High LED Driving Capability,Anca Gabriela Purdila,5,388-407,,research,2,85,95,78,0,86.75,65.06,65.06,ADEQUATE,False,,none,True
chaturvedi2016,2016,19,3,2016-v19-n3,Extraction of Transmission Line Parameters and Effect of Conductive Substrates on their Characteristics,Saurabh Chaturvedi,3,199-212,,research,2,85,95,50,0,79.75,59.81,54.81,LIMITED,False,NO_LIMITATIONS,none,True
buiculescu2016,2016,19,3,2016-v19-n3,Backscattering Modulators for UWB Antenna Measurement,V. Buiculescu,2,213-225,,research,2,85,95,58,0,81.75,61.31,61.31,ADEQUATE,False,,none,True
bunea2016,2016,19,3,2016-v19-n3,W-Band receiver with Zero Bias Diode operated in the 23K - 295 K temperature range,A.C. Bunea,4,226-238,,research,2,85,35,50,0,58.75,44.06,24.0,CRITICAL,True,EXCESSIVE_SELF_CITATION|NO_LIMITATIONS,none,True
fanoro2016,2016,19,3,2016-v19-n3,Investigation of 60 GHz LNA with estimated S11 values based on mathematical model and numerical solution,M. Fanoro,3,239-254,,research,2,72,90,40,0,70.3,52.72,47.72,LIMITED,False,NO_LIMITATIONS,none,True
gheorghe2016,2016,19,3,2016-v19-n3,"Advanced Calibration Method, with Thermal Compensation, for 3-Axis MEMS Accelerometers",Marius Gheorghe,1,255-268,,research,2,88,92,62,0,82.9,62.18,62.18,ADEQUATE,False,,none,True
voicu2016,2016,19,3,2016-v19-n3,SU-8 Microgrippers based on V-shaped Electrothermal Actuators with Implanted Heaters,R-C. Voicu,6,269-281,,research,2,85,60,62,0,70.5,52.88,47.88,LIMITED,False,ELEVATED_SELF_CITATION,none,True
istrate2016,2016,19,3,2016-v19-n3,Scaling the graphene-silicon heterojunctions: fabrication and characterization,Anca-Ionela Istrate,9,282-294,,research,2,85,75,60,0,75.25,56.44,24.0,CRITICAL,True,IRRELEVANT_SELF_CITATION,none,True
enache2016,2016,19,3,2016-v19-n3,High Accuracy Amperometric Sense and Control Circuit for Three-electrode Biosensors,Andrei Enache,6,295-308,,research,2,85,80,60,0,77.0,57.75,57.75,LIMITED,False,,none,True
ionescu2016,2016,19,4,2016-v19-n4,Studies on the development of an inferential method for battery state of health assessment,Octavian Ionescu,4,310-320,,research,2,70,40,50,0,54.5,40.88,24.0,CRITICAL,True,IRRELEVANT_SELF_CITATION|ELEVATED_SELF_CITATION,none,True
milea2016,2016,19,4,2016-v19-n4,Using pressure sensors for motion detection and actuation of remote manipulation devices,P.L. Milea,6,321-330,,research,1,70,40,30,0,49.5,37.12,24.0,CRITICAL,True,IRRELEVANT_SELF_CITATION|ELEVATED_SELF_CITATION|UNSUPPORTED_CLAIMS,none,True
gasanov2016,2016,19,4,2016-v19-n4,The Computer Program for the Study of Nanoparticles in Basis of Slater Atomic Orbitals,Arzuman G. Gasanov,2,331-337,,research,2,65,30,25,0,42.75,32.06,24.0,CRITICAL,True,EXCESSIVE_SELF_CITATION|UNSUPPORTED_CLAIMS|NO_LIMITATIONS,none,True
shukla2016,2016,19,4,2016-v19-n4,Training Cellular Automata for Image Edge Detection,Anand Prakash Shukla,1,338-359,,research,2,0,80,55,50,41.75,43.81,24.0,CRITICAL,True,FORMALISM_THEATER,data,True
dascalu2016,2016,19,4,2016-v19-n4,Cellular Automata Hardware Implementations - an Overview,Monica Dascălu,1,360-368,,research,1,85,92,55,0,79.95,59.96,54.96,LIMITED,False,NO_LIMITATIONS,none,False
mahalingam2016,2016,19,4,2016-v19-n4,Locally Evolving Splicing Systems,Kalpana Mahalingam,2,369-384,,research,5,85,100,65,0,85.25,63.94,63.94,ADEQUATE,False,,none,False
yu2017,2017,20,1,2017-v20-n1,Fault Diagnosis of Power Systems Using Fuzzy Reasoning Spiking Neural P Systems with Interval-valued Fuzzy Numbers,Wenping Yu,6,5-17,,research,2,0,60,45,0,32.25,24.19,24.0,CRITICAL,True,FORMALISM_THEATER|DECORATIVE_DEFINITIONS|ELEVATED_SELF_CITATION|NO_LIMITATIONS,none,True
rong2017,2017,20,1,2017-v20-n1,A Novel Approach to Fault Classification of Power Transmission Lines Using Singular Value Decomposition and Fuzzy Reasoning Spiking Neural P Systems,Haina Rong,5,18-31,,research,2,0,62,60,0,36.7,27.53,24.0,CRITICAL,True,FORMALISM_THEATER|ELEVATED_SELF_CITATION|NO_LIMITATIONS,none,True
wang2017,2017,20,1,2017-v20-n1,Spiking Neural P Systems with Anti-Spikes and without Annihilating Priority,Xun Wang,5,32-41,,research,5,85,40,70,0,65.5,49.12,24.0,CRITICAL,True,EXCESSIVE_SELF_CITATION,none,False
pan2017,2017,20,1,2017-v20-n1,Flat maximal parallelism in tissue P systems with promoters,Linqiang Pan,4,42-56,,research,5,88,62,75,0,75.65,56.74,51.74,LIMITED,False,ELEVATED_SELF_CITATION,none,False
carandang2017,2017,20,1,2017-v20-n1,CuSNP: Spiking Neural P Systems Simulators in CUDA,Jym Paul A. Carandang,5,57-70,,research,2,0,58,65,70,36.55,44.91,24.0,CRITICAL,True,FORMALISM_THEATER|DECORATIVE_DEFINITIONS|UNNECESSARY_SET_THEORY|DISPROPORTIONATE_FORMALISM|ELEVATED_SELF_CITATION,code,True
valenciacabrera2017,2017,20,1,2017-v20-n1,A Simulation Software Tool for Cell-like Spiking Neural P Systems,Luis Valencia-Cabrera,5,71-84,,research,1,65,35,45,70,49.5,54.62,24.0,CRITICAL,True,EXCESSIVE_SELF_CITATION|NO_LIMITATIONS,code,True
groza2018,2018,21,1,2018-v21-n1,Digitally controlled oscillator for all-digital frequency locked loops,R. Groza,4,3-17,,research,2,82,85,58,0,77.05,57.79,57.79,LIMITED,False,,none,True
datcu2018,2018,21,1,2018-v21-n1,Dynamically changing the secret key of an FPGA chaos-based cipher,Octaviana Datcu,3,18-33,,research,2,82,90,55,0,78.05,58.54,58.54,LIMITED,False,,none,True
dragan2018,2018,21,1,2018-v21-n1,Charge retention of a Floating gate Transistor for a Reset Controller,Anca Mihaela Dragan,5,34-48,,research,2,82,90,65,0,80.55,60.41,60.41,ADEQUATE,False,,none,True
pachiu2018,2018,21,1,2018-v21-n1,Fabrication and characterization of suspended microstructures of ultrananocrystalline diamond,C. Pachiu,10,49-60,,research,2,82,90,65,0,80.55,60.41,60.41,ADEQUATE,False,,none,True
moagarpoladian2018,2018,21,1,2018-v21-n1,3D Printed acceleration sensor: a case study,G. Moagăr-Poladian,3,61-81,,research,1,80,92,48,0,76.2,57.15,57.15,LIMITED,False,,none,True
sandu2018,2018,21,1,2018-v21-n1,Modeling issues regarding thermal conductivity of graphene-based nanocomposites,Titus Sandu,5,82-92,,research,3,88,0,55,0,48.95,36.71,24.0,CRITICAL,True,EXCESSIVE_SELF_CITATION|IRRELEVANT_SELF_CITATION,none,True
serban2018,2018,21,1,2018-v21-n1,Nanostructured semiconducting metal oxides for ethanol gas sensing. A possible HSAB interpretation,B. C. Serban,5,93-96,,research,1,80,58,45,0,63.55,47.66,42.66,LIMITED,False,ELEVATED_SELF_CITATION,none,False
teodorescu2018,2018,21,2,2018-v21-n2,Stylometric and Topic Analysis of a Historical Text. A Computerized Study of General Averescu's 'War Memoirs' (1916-1918),Horia Nicolai L. Teodorescu,2,99-113,,research,2,82,80,65,50,77.05,70.29,70.29,ADEQUATE,False,,data,True
stefan2018,2018,21,2,2018-v21-n2,IT Driven Distributed Consensus for an Integrated Globalized World,Gheorghe M. Ştefan,2,114-128,,research,1,0,90,25,0,37.75,28.31,24.0,CRITICAL,True,FORMALISM_THEATER|UNSUPPORTED_CLAIMS,none,False
oproiu2018,2018,21,2,2018-v21-n2,Peripheral Nerve WIFI Interfaces and Electrodes for Mechatronic Prosthetic Hand,A. M. Oproiu,15,129-138,,research,1,85,90,30,0,73.0,54.75,39.75,CONCERNING,False,UNSUPPORTED_CLAIMS,none,True
dontu2018,2018,21,2,2018-v21-n2,Mechatronic Finger Structure with Pressure-Sensitive Conductive Layer,O. G. Donţu,16,139-150,,research,1,85,90,40,0,75.5,56.62,56.62,LIMITED,False,,none,True
liu2018,2018,21,2,2018-v21-n2,Intelligent Optimization on Correlation Entropy Matter-element Model of Innovation and Reform Pilot Area,Zhenyuan Liu,5,153-171,,research,2,0,75,40,50,36.25,39.69,24.0,CRITICAL,True,FORMALISM_THEATER|UNNECESSARY_SET_THEORY|NO_LIMITATIONS,data,True
peng2018,2018,21,2,2018-v21-n2,Study on Collaborative Control of Vehicle System at Road Intersection in Dynamic Competitive Environment,Han Peng,1,172-180,,research,2,80,85,35,0,70.5,52.88,52.88,LIMITED,False,,none,True
li2018,2018,21,2,2018-v21-n2,Analysis on Knowledge Innovation Efficiency of Agricultural Sci-tech Journal Community: Perspective of Knowledge Communication,Ping Li,3,181-192,,research,2,80,88,45,50,74.05,68.04,63.04,ADEQUATE,False,NO_LIMITATIONS,data,True
bejinariu2018,2018,21,2,2018-v21-n2,Analysis of Abnormal Crowd Movements based on Features Tracking,Silviu-Ioan Bejinariu,2,193-205,,research,2,85,92,70,50,83.7,75.27,75.27,ADEQUATE,False,,data,True
abisha2018,2018,21,3,2018-v21-n3,A Homomorphic Property of the Cryptosystems Based on Word Problem,P. Jeyanthi Abisha,2,210-218,,research,3,75,60,55,0,64.75,48.56,28.56,CONCERNING,False,THEOREMLESS_FORMALISM|ELEVATED_SELF_CITATION,none,False
chandra2018,2018,21,3,2018-v21-n3,Multihanded and Near Perfect Self Assembling of Tile Assembling Systems,P. Helen Chandra,2,219-231,,research,3,70,90,45,0,70.75,53.06,48.06,LIMITED,False,NO_LIMITATIONS,none,False
charvat2018,2018,21,3,2018-v21-n3,Internally Expandable Pushdown Automata and Their Computational Completeness,Lucie Charvat,2,232-237,,research,5,70,35,45,0,51.5,38.62,24.0,CRITICAL,True,EXCESSIVE_SELF_CITATION|NO_LIMITATIONS,none,False
fernau2018,2018,21,3,2018-v21-n3,Picture Scanning Automata and Group Actions on Pictures,Henning Fernau,3,238-248,,research,3,40,60,70,0,54.5,40.88,35.88,CONCERNING,False,DISPROPORTIONATE_FORMALISM|ELEVATED_SELF_CITATION,none,False
itcus2018,2018,21,3,2018-v21-n3,3D DNA Origami Map Structure Simulation,Corina Itcus,11,249-255,,research,1,80,90,35,0,72.25,54.19,49.19,LIMITED,False,NO_LIMITATIONS,none,True
mahalingam2018a,2018,21,3,2018-v21-n3,On a Special Variant of Rauzy Graphs,K. Mahalingam,3,256-266,,research,3,40,90,65,0,63.75,47.81,47.81,LIMITED,False,DISPROPORTIONATE_FORMALISM,none,False
mahalingam2018b,2018,21,3,2018-v21-n3,Palindromic Properties of Two-Dimensional Fibonacci Words,K. Mahalingam,3,267-277,,research,3,40,85,50,0,58.25,43.69,38.69,CONCERNING,False,DISPROPORTIONATE_FORMALISM|NO_LIMITATIONS,none,False
kucera2018,2018,21,3,2018-v21-n3,On k#$-Rewriting Systems,Jiri Kucera,3,278-287,,research,3,70,60,45,0,60.25,45.19,35.19,CONCERNING,False,ELEVATED_SELF_CITATION|NO_LIMITATIONS,none,False
orellanamartin2018,2018,21,3,2018-v21-n3,The Unique Satisfiability Problem from a Membrane Computing Perspective,David Orellana-Martin,4,288-297,,research,4,80,60,55,0,66.75,50.06,40.06,LIMITED,False,ELEVATED_SELF_CITATION|NO_LIMITATIONS,none,False
sheenachristy2018,2018,21,3,2018-v21-n3,Accepting H-Array Splicing Systems and Their Properties,D. K. Sheena Christy,5,298-309,,research,3,60,80,55,0,65.75,49.31,44.31,LIMITED,False,ELEVATED_FORMALISM,none,False
song2018,2018,21,3,2018-v21-n3,A Quick Survey of Tissue-Like P Systems,Bosheng Song,4,310-321,,research,1,0,90,60,0,46.5,34.88,24.0,CRITICAL,True,FORMALISM_THEATER|DISPROPORTIONATE_FORMALISM|NO_LIMITATIONS,none,False
zhao2018,2018,21,4,2018-v21-n4,An extension of ELECTRE to multi-criteria decision making problems with extended hesitant fuzzy sets,Kexing Zhao,2,328-343,,research,2,0,90,55,0,45.25,33.94,24.0,CRITICAL,True,FORMALISM_THEATER|DECORATIVE_DEFINITIONS|DISPROPORTIONATE_FORMALISM,none,True
ngan2018,2018,21,4,2018-v21-n4,Logic Connectives of Complex Fuzzy Sets,Tran Thi Ngan,8,344-357,,research,2,0,85,30,50,37.25,40.44,24.0,CRITICAL,True,FORMALISM_THEATER|DECORATIVE_DEFINITIONS|DISPROPORTIONATE_FORMALISM|NO_LIMITATIONS|UNSUPPORTED_CLAIMS,data,True
precup2018,2018,21,4,2018-v21-n4,Experiments in Incremental Online Identification of Fuzzy Models of Finger Dynamics,Radu-Emil Precup,5,358-376,,research,2,80,40,65,0,62.25,46.69,24.0,CRITICAL,True,IRRELEVANT_SELF_CITATION,none,True
dobrea2018,2018,21,4,2018-v21-n4,A MANFIS model of the 3D head position based on a wearable system,Dan-Marius Dobrea,2,377-391,,research,2,80,88,50,70,75.3,73.97,68.97,ADEQUATE,False,NO_LIMITATIONS,code,True
karali2018,2018,21,4,2018-v21-n4,Development of a fuzzy logic-based loading algorithm in the selection of the most appropriate cargo package for cleaning and cosmetic products,Mehmet Karali,1,392-405,,research,2,75,85,45,0,71.0,53.25,48.25,LIMITED,False,NO_LIMITATIONS,none,True
indirapriya2018,2018,21,4,2018-v21-n4,Fuzzy logic approach for temperature analysis in multi-jet air impingement investigation,P. Indira Priya,3,406-428,,research,2,80,0,35,0,40.75,30.56,24.0,CRITICAL,True,IRRELEVANT_SELF_CITATION|NO_LIMITATIONS,none,True
labdai2018,2018,21,4,2018-v21-n4,Sliding Mode Control via Fuzzy Multi-Level Switching control scheme for DFIG based WECS,S. Labdai,4,429-445,,research,2,80,90,40,0,73.5,55.12,50.12,LIMITED,False,NO_LIMITATIONS,none,True
kolesau2018,2018,21,4,2018-v21-n4,A Character-Based Part-of-Speech Tagger with Feedforward Neural Networks,Aliaksei Kolesau,3,446-459,,research,2,85,95,75,100,86.0,89.5,89.5,STRONG,False,,code_and_data,True
franti2018,2018,21,4,2018-v21-n4,Decoding communication: a deep learning approach to voice-based intention detection,Eduard Franţi,7,460-474,,research,2,80,85,25,0,68.0,51.0,36.0,CONCERNING,False,UNSUPPORTED_CLAIMS,none,True
sandu2019,2019,22,1,2019-v22-n1,Modal Approach to the Theory of Energy Transfer Mediated by a Metallic Nanosphere,Titus Sandu,4,3-13,,research,3,85,55,55,0,67.0,50.25,40.25,LIMITED,False,ELEVATED_SELF_CITATION|NO_LIMITATIONS,none,True
banu2019,2019,22,1,2019-v22-n1,Electro-Optical Method for Surface Recombination Evaluation in Silicon Carbide Bipolar Junction Transistors,Viorel Banu,4,14-29,,research,2,80,95,55,0,79.0,59.25,59.25,LIMITED,False,,none,True
comanescu2019,2019,22,1,2019-v22-n1,Assessing by Raman spectroscopy the quality of CVD graphene transferred on oxidized silicon and quartz substrates,Florin Comanescu,3,30-40,,research,2,85,80,45,0,73.25,54.94,49.94,LIMITED,False,NO_LIMITATIONS,none,True
cobianu2019,2019,22,1,2019-v22-n1,Effect of Silicon Surface Cleaning on Electrical Properties of As-Deposited Atomically Layer-Deposited (ALD) HfO2 Films Obtained From Tetrakis(dimethylamino)Hafnium (TDMAH) and Water,Cornel Cobianu,9,41-56,,research,2,85,92,60,0,81.2,60.9,60.9,ADEQUATE,False,,none,True
ravariu2019,2019,22,1,2019-v22-n1,Technological aspects and simulation results for the Nothing On Insulator device developed into a planar technology,Cristian Ravariu,7,57-68,,research,2,85,35,40,0,56.25,42.19,24.0,CRITICAL,True,EXCESSIVE_SELF_CITATION,none,True
hurez2019,2019,22,1,2019-v22-n1,Galvanically Isolated IGBT Gate Driver with Advanced Protections and A Fault Detection and Reporting Method,Ines Hurez,5,69-84,,research,2,85,95,55,0,81.0,60.75,60.75,ADEQUATE,False,,none,True
bancioiu2019,2019,22,1,2019-v22-n1,Efficiency Optimizations for Koller and Sahami's Feature Selection Algorithm,Camil Băncioiu,3,85-99,,research,2,0,90,65,100,47.75,60.81,24.0,CRITICAL,True,FORMALISM_THEATER|UNNECESSARY_SET_THEORY,code_and_data,True
mogniotte2019,2019,22,2,2019-v22-n2,Analytical modelling of a lateral dual gate MESFET for integrated circuit in SiC,J.F. Mogniotte,4,103-110,,research,2,85,40,60,0,63.0,47.25,24.0,CRITICAL,True,EXCESSIVE_SELF_CITATION,none,True
bunea2019,2019,22,2,2019-v22-n2,Packaging approaches for GaN/Si SAW Band Pass Filters with Operating Frequencies above 5 GHz,A. C. Bunea,3,111-123,,research,2,80,65,60,0,69.75,52.31,47.31,LIMITED,False,ELEVATED_SELF_CITATION,none,True
baracu2019,2019,22,2,2019-v22-n2,Microfabrication and experimental characterization of an Out-of-Plane MEMS switch,Angela Baracu,7,124-134,,research,2,80,40,40,0,56.0,42.0,24.0,CRITICAL,True,EXCESSIVE_SELF_CITATION,none,True
moldovan2019,2019,22,2,2019-v22-n2,Design and fabrication of tubes-guided structure with electrical stimulation module for neural regeneration and in-vivo testing,C. Moldovan,22,135-143,,research,1,80,70,20,0,61.5,46.12,26.12,CONCERNING,False,UNSUPPORTED_CLAIMS|NO_LIMITATIONS,none,True
plesa2019,2019,22,2,2019-v22-n2,Design of Over-Temperature Protection for Switched-Capacitor DC-DC Converter Based on Electro-Thermal Simulations,Cosmin-Sorin Plesa,3,144-157,,research,2,85,40,70,0,65.5,49.12,24.0,CRITICAL,True,EXCESSIVE_SELF_CITATION,none,True
dragan2019,2019,22,2,2019-v22-n2,An Improved I/O Pin for Serial Communication Interfaces,Anca Mihaela Dragan,5,158-180,,research,2,80,95,65,0,81.5,61.12,61.12,ADEQUATE,False,,none,True
nicolae2019,2019,22,3-4,2019-v22-n34,An Overview of Industry 4.0 Development Directions in the Industrial Internet of Things Context,Andrei Nicolae,3,183-201,,research,1,85,95,60,0,82.25,61.69,56.69,LIMITED,False,NO_LIMITATIONS,none,False
kavipriya2019,2019,22,3-4,2019-v22-n34,Architecture of Smart Sensors for Real Time Drinking Water Quality and Contamination Detection in Water Distributed Mains,S. Kavi Priya,3,202-214,,research,1,80,92,30,0,71.7,53.77,33.77,CONCERNING,False,UNSUPPORTED_CLAIMS|NO_LIMITATIONS,none,True
gellert2019,2019,22,3-4,2019-v22-n34,Perceptron-Based Selective Load Value Prediction in a Multicore Architecture,Arpad Gellert,3,215-227,,research,2,85,35,70,50,63.75,60.31,24.0,CRITICAL,True,EXCESSIVE_SELF_CITATION,data,True
lakshmanan2019,2019,22,3-4,2019-v22-n34,Security enhancement in In-vehicle Controller Area Networks by Electronic Control Unit authentication,Murugesan Lakshmanan,2,228-243,,research,2,85,95,55,0,81.0,60.75,55.75,LIMITED,False,NO_LIMITATIONS,none,True
fahim2019,2019,22,3-4,2019-v22-n34,Clustering Algorithm for Multi-density Datasets,Ahmed Fahim,1,244-258,,research,2,0,92,45,0,43.45,32.59,24.0,CRITICAL,True,FORMALISM_THEATER|DECORATIVE_DEFINITIONS|THEOREMLESS_FORMALISM|NO_LIMITATIONS,none,True
abdelaal2019,2019,22,3-4,2019-v22-n34,Hadith Classification using Machine Learning Techniques According to its Reliability,Hammam M. Abdelaal,2,259-271,,research,2,70,95,40,0,71.25,53.44,48.44,LIMITED,False,NO_LIMITATIONS,none,True
prilianti2019,2019,22,3-4,2019-v22-n34,Adaptive Neuro-Fuzzy Inference System for Non-linear Classification Problem of Theobroma cacao Image,Kestrilia Rega Prilianti,6,272-283,,research,2,80,92,55,0,77.95,58.46,58.46,LIMITED,False,,none,True
mihai2019,2019,22,3-4,2019-v22-n34,IT-Based Financial Confirmation & Diagnosis Mechanisms,Răzvan Mihai,6,284-299,,research,1,0,60,30,0,28.5,21.38,21.38,CRITICAL,True,FORMALISM_THEATER|UNSUPPORTED_CLAIMS|ELEVATED_SELF_CITATION,none,True
borangiu2020,2020,23,1,2020-v23-n1,Digital transformation of manufacturing. Industry of the Future with Cyber-Physical Production Systems,Theodor Borangiu,6,3-37,,research,1,85,60,50,0,67.5,50.62,40.62,LIMITED,False,ELEVATED_SELF_CITATION|NO_LIMITATIONS,none,False
priya2020,2020,23,1,2020-v23-n1,Adaptive Power Control and Duty Cycle based Medium Access Control Protocol for Cluster based Wireless Sensor Network,B. Priya,2,38-54,,research,2,75,90,55,0,75.25,56.44,56.44,LIMITED,False,,none,True
mahule2020,2020,23,1,2020-v23-n1,Towards Knowledge Discovery in interlinked heterogeneous datasets of LOD cloud,Rajesh Mahule,3,55-68,,research,1,80,90,50,50,76.0,69.5,69.5,ADEQUATE,False,,data,True
kavya2020,2020,23,1,2020-v23-n1,Fall Detection System for Elderly People using Vision-Based Analysis,Thathupara Subramanyan Kavya,4,69-83,,research,2,75,90,45,50,72.75,67.06,67.06,ADEQUATE,False,,data,True
zhang2020,2020,23,1,2020-v23-n1,A Software Tool for Spiking Neural P Systems,Taosheng Zhang,3,84-92,,research,1,80,90,50,70,76.0,74.5,74.5,ADEQUATE,False,,code,True
serban2020,2020,23,1,2020-v23-n1,Optimization of Sensing Layers Selection Process for Relative Humidity Sensors,Bogdan Catalin Serban,8,93-104,,research,1,85,30,40,0,54.5,40.88,24.0,CRITICAL,True,EXCESSIVE_SELF_CITATION,none,False
saravanan2020,2020,23,1,2020-v23-n1,Synthesis of SiO2 Nanoparticles by Sol-Gel Method and Their Optical and Structural Properties,S. Saravanan,2,105-112,,research,2,80,85,35,0,70.5,52.88,47.88,LIMITED,False,NO_LIMITATIONS,none,True
malita2020,2020,23,2,2020-v23-n2,Architectural Features for Artificial Intelligence & Blockchain in the Nano-Era,Mihaela Maliţa,3,115-126,,research,2,80,55,50,0,63.75,47.81,42.81,LIMITED,False,ELEVATED_SELF_CITATION,none,True
ravariu2020,2020,23,2,2020-v23-n2,New steps for advancing the Nothing On Insulator Triode 3nm gap and preliminary expanded technology,Cristian Ravariu,4,127-139,,research,2,85,35,65,0,62.5,46.88,24.0,CRITICAL,True,EXCESSIVE_SELF_CITATION,none,True
bunea2020,2020,23,2,2020-v23-n2,Wideband Sub-terahertz Coplanar Waveguide-Fed Spiral Antenna,Alina-Cristina Bunea,4,140-156,,research,2,85,95,70,0,84.75,63.56,58.56,LIMITED,False,NO_LIMITATIONS,none,True
ilie2020,2020,23,2,2020-v23-n2,Low cost approaches for High Resolution Digitally Programmable Potentiometers,Giorgiana-Catalina Ilie (Chiranu),4,157-175,,research,2,85,65,65,0,73.0,54.75,49.75,LIMITED,False,ELEVATED_SELF_CITATION,none,True
marinca2020,2020,23,2,2020-v23-n2,New Extraction Method of the Bipolar Transistor Model Parameters Used in Bandgap Voltage References,Stefan Marinca,4,176-187,,research,2,80,35,60,0,59.25,44.44,24.0,CRITICAL,True,EXCESSIVE_SELF_CITATION,none,True
iordache2020,2020,23,2,2020-v23-n2,Analysis and design of a high efficiency current mode buck converter with I2C controlled output voltage,Cosmin Alexandru Iordache,2,188-203,,research,1,85,65,45,0,68.0,51.0,41.0,LIMITED,False,ELEVATED_SELF_CITATION|NO_LIMITATIONS,none,True
bonteanu2020,2020,23,2,2020-v23-n2,A comparison between the Gm based implementations of voltage mode and current mode capacitance multipliers,Gabriel Bonteanu,4,204-220,,research,2,85,35,65,0,62.5,46.88,24.0,CRITICAL,True,EXCESSIVE_SELF_CITATION,none,True
bejinariu2020,2020,23,3,2020-v23-n3,Recovery of old dialectal materials and maps through image processing,Silviu-Ioan Bejinariu,5,223-237,,research,2,80,60,60,0,68.0,51.0,46.0,LIMITED,False,ELEVATED_SELF_CITATION,none,True
alangari2020,2020,23,3,2020-v23-n3,Predicting Students Final GPA using 15 Classification Algorithms,Njoud Alangari,2,238-249,,research,2,80,95,45,0,76.5,57.38,52.38,LIMITED,False,NO_LIMITATIONS,none,True
bindra2020,2020,23,3,2020-v23-n3,Evaluating the Impact of Feature Selection Methods on the Performance of the Machine Learning Models in Detecting DDoS Attacks,Naveen Bindra,2,250-261,,research,2,80,90,50,50,76.0,69.5,69.5,ADEQUATE,False,,data,True
dragomir2020,2020,23,3,2020-v23-n3,Sparse Matrix-Vector Multiplication on a Map-Reduce Many-Core Accelerator,Voichiţa Dragomir,2,262-273,,research,2,80,35,45,0,55.5,41.62,24.0,CRITICAL,True,EXCESSIVE_SELF_CITATION,none,True
elamrani2020,2020,23,3,2020-v23-n3,Specific Absorption Rate Calculation Model in Case of Exposure to Microwaves Sources,L. El Amrani,3,274-291,,research,2,80,95,40,0,75.25,56.44,56.44,LIMITED,False,,none,True
upadhyay2020,2020,23,3,2020-v23-n3,Wavelet Based Performance Analysis of SVM and RBF Kernel for Classifying Stress Conditions of Sleep EEG,Prabhat Kumar Upadhyay,2,292-310,,research,2,75,95,40,0,73.25,54.94,54.94,LIMITED,False,,none,True
amarioarei2020,2020,23,3,2020-v23-n3,Probabilistic modeling of the self-assembly of the 1-dimensional DNA structures,Alex Amarioarei,5,311-329,,research,3,45,90,50,0,62.0,46.5,41.5,LIMITED,False,ELEVATED_FORMALISM|DECORATIVE_DEFINITIONS,none,False
braic2020,2020,23,4,2020-v23-n4,Ascertaining the root-cause of discrepancies between simulations and measurements for a SC DC-DC converter,Nicolae Adrian Braic,5,333-353,,research,2,85,70,72,0,76.5,57.38,52.38,LIMITED,False,ELEVATED_SELF_CITATION,none,True
kataria2020,2020,23,4,2020-v23-n4,Data Prediction of Electromagnetic Head Tracking using Self Healing Neural Model for Head-Mounted Display,Aman Kataria,3,354-367,,research,2,70,75,40,0,64.25,48.19,48.19,LIMITED,False,,none,True
marinescu2020,2020,23,4,2020-v23-n4,Electrochemical sensors with interdigitated electrodes for counting T-cells,Maria-Roxana Marinescu,6,368-378,,research,2,85,90,30,0,73.0,54.75,39.75,CONCERNING,False,UNSUPPORTED_CLAIMS,none,True
biliaiev2020,2020,23,S,2020-v23-nS,Numerical simulation of toxic chemical transport after accidental release at chemical plant,Mykola Biliaiev,5,S3-S13,,research,2,80,90,50,0,76.0,57.0,57.0,LIMITED,False,,none,True
dascalu2020,2020,23,S,2020-v23-nS,Enhanced Cellular Automata with Autonomous Agents for Covid-19 Pandemic Modeling,Monica Dascălu,5,S15-S27,,research,2,85,90,55,0,79.25,59.44,59.44,LIMITED,False,,none,True
vatavu2020,2020,23,S,2020-v23-nS,Connecting Research from Assistive Vision and Smart Eyewear Computing with Crisis Management and Mitigation Systems: A Position Paper,Radu-Daniel Vatavu,1,S29-S39,,research,1,85,85,55,0,77.5,58.12,58.12,LIMITED,False,,none,False
pirnau2020,2020,23,S,2020-v23-nS,The Social Networks information noise in crisis situations,Mironela Pirnau,1,S41-S52,,research,2,65,85,40,0,65.75,49.31,49.31,LIMITED,False,,none,True
dobrea2020,2020,23,S,2020-v23-nS,An autonomous UAV system for video monitoring of the quarantine zones,Dan-Marius Dobrea,2,S53-S66,,research,2,85,95,60,0,82.25,61.69,61.69,ADEQUATE,False,,none,True
barbu2020,2020,23,S,2020-v23-nS,A Nonlinear Second-order Hyperbolic PDE-based Photon-limited Medical Microscopy Image Restoration Technique,Tudor Barbu,1,S67-S76,,research,3,65,90,45,50,68.75,64.06,64.06,ADEQUATE,False,,data,True
pop2020,2020,23,S,2020-v23-nS,Cough Sound Recognition in Respiratory Disease Epidemics,Gheorghe Pop,4,S77-S88,,research,2,85,95,45,50,78.5,71.38,71.38,ADEQUATE,False,,data,True
singh2020,2020,23,S,2020-v23-nS,Diagnosis of Coronavirus Disease (COVID-19) from Chest X-Ray images using modified XceptionNet,Krishna Kant Singh,3,S91-S115,,research,2,85,85,30,50,71.25,65.94,60.94,ADEQUATE,False,NO_LIMITATIONS,data,True
benbrahim2020,2020,23,S,2020-v23-nS,Deep Transfer Learning with Apache Spark to Detect COVID-19 in Chest X-ray Images,Houssam Benbrahim,3,S117-S129,,research,2,85,95,30,50,74.75,68.56,63.56,ADEQUATE,False,NO_LIMITATIONS,data,True
beldjilali2020,2020,23,T,2020-v23-nT,Vehicles Circuits Optimization by Combining GPS / GSM Information with Metaheuristic Algorithms,Bilal Beldjilali,3,T5-T17,,research,2,65,85,30,0,63.25,47.44,27.44,CONCERNING,False,UNSUPPORTED_CLAIMS|NO_LIMITATIONS,none,True
schiopu2020,2020,23,T,2020-v23-nT,Maximum Flows in Planar Dynamic Networks. The Static Approach,Camelia Schiopu,2,T18-T27,,research,3,70,95,55,0,75.0,56.25,56.25,LIMITED,False,,none,False
chen2020,2020,23,T,2020-v23-nT,Modified Evolved Bat Algorithm of Fuzzy Optimal Control for Complex Nonlinear Systems,Tim Chen,5,T28-T40,,research,3,45,55,20,30,42.25,39.19,19.19,CRITICAL,False,UNSUPPORTED_CLAIMS|ELEVATED_SELF_CITATION,claimed,True
zunic2020,2020,23,T,2020-v23-nT,An Innovative Concept for Setting Up and Adjustment the Parameters of Real-world Vehicle Routing Problems: Case Study in Logistics,Emir Zunic,2,T41-T56,,research,2,80,75,65,50,74.5,68.38,68.38,ADEQUATE,False,,data,True
christudas2020,2020,23,T,2020-v23-nT,System Identification Using Long Short Term Memory Recurrent Neural Networks for Real Time Conical Tank System,Febina Christudas,2,T57-T77,,research,2,70,85,55,0,71.5,53.62,53.62,LIMITED,False,,none,True
anikin2020,2020,23,T,2020-v23-nT,Kohonen Neural Network Training by Cellular Automaton,Valerii Anikin,3,T78-T93,,research,2,80,85,65,100,78.0,83.5,83.5,STRONG,False,,code_and_data,True
li2020,2020,23,T,2020-v23-nT,HARD: Bit-Split String Matching Using a Heuristic Algorithm to Reduce Memory Demand,Xun Li,3,T94-T105,,research,2,70,80,65,100,72.25,79.19,79.19,ADEQUATE,False,,code_and_data,True
coste2021,2021,24,1,2021-v24-n1,"Programmable Capacitor Multiplier Based on Gm-cell with Two Outputs – Topology, Circuit Implementations and Applications",Paul Coste,5,4-27,,research,2,85,80,65,0,78.25,58.69,58.69,LIMITED,False,,none,True
ravariu2021,2021,24,1,2021-v24-n1,Electrical characterization of a pseudo-mos transistor with organic thin film produced by nanotechnologies,Cristian Ravariu,4,28-36,,research,2,80,60,50,0,65.5,49.12,44.12,LIMITED,False,ELEVATED_SELF_CITATION,none,True
bai2021,2021,24,1,2021-v24-n1,Sink Location Privacy Protection Algorithm Based on Virtual Circle in WSNs,Leqiang Bai,3,37-57,,research,2,75,88,50,0,73.3,54.97,54.97,LIMITED,False,,none,True
kumar2021,2021,24,1,2021-v24-n1,An Improved User Authentication Protocol Based on Chaotic Maps for Multiserver Environment,Devender Kumar,3,58-78,,research,3,45,95,55,0,65.0,48.75,48.75,LIMITED,False,,none,True
yapicipehlivan2021,2021,24,1,2021-v24-n1,A Novel Multiplicative Fuzzy Regression Function with A Multiplicative Fuzzy Clustering Algorithm,Nimet Yapici Pehlivan,2,79-98,,research,2,75,35,50,50,54.75,53.56,24.0,CRITICAL,True,EXCESSIVE_SELF_CITATION,data,True
cristescu2021,2021,24,1,2021-v24-n1,Machine Learning Techniques for Improving the Performance Metrics of Functional Verification,Mihai-Corneliu Cristescu,1,99-116,,research,1,85,85,45,0,75.0,56.25,51.25,LIMITED,False,NO_LIMITATIONS,none,False
gindac2021,2021,24,1,2021-v24-n1,Open-source SoC-based Off-the-shelf Industrial-Grade Low-Cost Logic Analyzer,Andrei Gindac,4,117-126,,research,1,85,90,45,70,76.75,75.06,75.06,ADEQUATE,False,,code,True
dumitru2021,2021,24,2,2021-v24-n2,Exploring the Effect of Segmentation on a 10-bit DAC,Florin-Silviu Dumitru,4,129-142,,research,2,85,80,65,0,78.25,58.69,58.69,LIMITED,False,,none,True
boncu2021,2021,24,2,2021-v24-n2,An algorithm-based method for accurate compensation of bandgap references over temperature,Madalina Boncu,3,143-160,,research,2,85,92,55,0,79.95,59.96,59.96,LIMITED,False,,none,True
petrasuc2021,2021,24,2,2021-v24-n2,A Novel Full-Wave Current Sensor for Automotive Synchronous Buck Converters,Gabriel Petrasuc,4,161-181,,research,2,85,80,65,0,78.25,58.69,58.69,LIMITED,False,,none,True
veselu2021,2021,24,2,2021-v24-n2,New Constant-gm circuit for precision chopper offset-stabilized operational amplifiers,Adrian Constantin Veselu,3,182-200,,research,2,85,85,70,0,81.25,60.94,60.94,ADEQUATE,False,,none,True
paun2021,2021,24,2,2021-v24-n2,Microheater optimized for the integration with metasurface-based IR sources for gas sensing application,Costel Paun,6,201-212,,research,2,80,92,60,0,79.2,59.4,59.4,LIMITED,False,,none,True
chiriac2021,2021,24,2,2021-v24-n2,Manipulation of particles using dielectrophoresis in a microchannel,Eugen Chiriac,3,213-221,,research,2,80,78,45,0,70.55,52.91,52.91,LIMITED,False,,none,True
serbanescu2021,2021,24,2,2021-v24-n2,A Standalone System for Resistive Smart Sensors Based on a Wheatstone Quarter-Bridge,Matei Serbanescu,7,222-232,,research,1,85,90,72,0,83.5,62.62,62.62,ADEQUATE,False,,none,True
rebigan2021,2021,24,2,2021-v24-n2,Fabrication of Fresnel lenses operating as image correcting optical components for long infrared imaging systems,R. Rebigan,7,233-243,,research,2,85,92,45,0,77.45,58.09,53.09,LIMITED,False,NO_LIMITATIONS,none,True
ravariu2021a,2021,24,2,2021-v24-n2,Investigations of the Fabricated Nothing On Insulator Nanodevices as Metal-Air-Metal variant - NOI-MAM,Cristian Ravariu,8,244-254,,research,2,85,30,45,0,55.75,41.81,24.0,CRITICAL,True,EXCESSIVE_SELF_CITATION,none,True
kwak2021,2021,24,3,2021-v24-n3,Fuzzy Modus Ponens and Tollens based on Moving Distance in SISO Fuzzy System,Chung-Jin Kwak,7,257-283,,research,2,0,80,40,0,38.0,28.5,24.0,CRITICAL,True,FORMALISM_THEATER|DECORATIVE_DEFINITIONS|DISPROPORTIONATE_FORMALISM|NO_LIMITATIONS,none,True
draz2021,2021,24,3,2021-v24-n3,A Novel Layer By Layer Energy Efficient Watchman Algorithm for Wireless Sensor and Actor Networks,Umar Draz,9,284-298,,research,2,0,0,30,0,7.5,5.62,5.62,CRITICAL,True,FORMALISM_THEATER|EXCESSIVE_SELF_CITATION|IRRELEVANT_SELF_CITATION|NO_LIMITATIONS,none,True
dinu2021,2021,24,3,2021-v24-n3,Debugging FPGA projects using artificial intelligence,Alexandru Dinu,4,299-320,,research,2,85,92,55,0,79.95,59.96,59.96,LIMITED,False,,none,True
serban2021,2021,24,3,2021-v24-n3,Computer Vision Algorithm for Detecting Resistor Color Codes,Nichita-Maria Șerban,2,321-333,,research,1,0,90,50,0,44.0,33.0,24.0,CRITICAL,True,FORMALISM_THEATER,none,True
radulescu2021,2021,24,4,2021-v24-n4,Cloud provider selection a complex multicriteria problem,Constanta Zoie Radulescu,3,337-352,,research,2,0,60,45,0,32.25,24.19,24.0,CRITICAL,True,FORMALISM_THEATER|UNNECESSARY_SET_THEORY|ELEVATED_SELF_CITATION|NO_LIMITATIONS,none,True
precup2021,2021,24,4,2021-v24-n4,Evolving Fuzzy Models of Shape Memory Alloy Wire Actuators,Radu-Emil Precup,5,353-365,,research,2,0,70,45,0,35.75,26.81,24.0,CRITICAL,True,FORMALISM_THEATER|UNNECESSARY_SET_THEORY,none,True
stefan2021,2021,24,4,2021-v24-n4,Pseudo-Reconfigurable Computing,Gheorghe M. Stefan,1,366-383,,research,2,0,30,35,0,19.25,14.44,14.44,CRITICAL,True,FORMALISM_THEATER|DISPROPORTIONATE_FORMALISM|DECORATIVE_DEFINITIONS|EXCESSIVE_SELF_CITATION,none,False
pais2021,2021,24,4,2021-v24-n4,In-depth evaluation of Romanian natural language processing pipelines,Vasile Păiș,5,384-401,,research,2,85,5,72,100,53.75,65.31,24.0,CRITICAL,True,EXCESSIVE_SELF_CITATION|IRRELEVANT_SELF_CITATION,code_and_data,True
matcovschi2021,2021,24,4,2021-v24-n4,Invariant sets with arbitrary convex shapes in linear system dynamics,Mihaela Matcovschi,4,402-417,,research,3,60,80,60,0,67.0,50.25,40.25,LIMITED,False,ELEVATED_FORMALISM|NO_LIMITATIONS,none,False
nejkovic2022,2022,25,1,2022-v25-n1,Application of Fuzzy Analytic Hierarchy Process to Inductive Steel Tube Welding,Valentina M. Nejković,4,3-19,,research,2,0,60,40,0,31.0,23.25,23.25,CRITICAL,True,FORMALISM_THEATER|UNNECESSARY_SET_THEORY|ELEVATED_SELF_CITATION,none,True
mihalache2022,2022,25,1,2022-v25-n1,Lasting emotions – An investigation of short- and long-term affective content remanence in speech,Serban Mihalache,5,20-35,,research,2,85,95,55,0,81.0,60.75,60.75,ADEQUATE,False,,none,True
singh2022,2022,25,1,2022-v25-n1,Manifold Optimization with MMSE Hybrid Precoder for Mm-Wave Massive MIMO Communication,Divya Singh,2,36-46,,research,2,70,70,35,0,61.25,45.94,40.94,LIMITED,False,NO_LIMITATIONS,none,True
musala2022,2022,25,1,2022-v25-n1,Implementation of Semi-Static and Differential Null Convention Logic Gates Using CNTFET Technology,Sarada Musala,5,47-57,,research,2,80,40,30,50,53.5,52.62,24.0,CRITICAL,True,IRRELEVANT_SELF_CITATION|ELEVATED_SELF_CITATION|NO_LIMITATIONS,data,True
ramathilagam2022,2022,25,1,2022-v25-n1,Modeling and development of fuzzy logic-based intelligent decision support system,Arunagiri Ramathilagam,2,58-79,,research,2,75,85,35,0,68.5,51.38,46.38,LIMITED,False,NO_LIMITATIONS,none,True
aiordachioae2022,2022,25,1,2022-v25-n1,"LifeTags++: A Multi-User, Multi-Device, and Multi-Perspective System for Recording and Abstracting Visual Life with Tag Clouds",Adrian Aiordăchioae,2,80-91,,research,1,0,60,50,70,33.5,42.62,24.0,CRITICAL,True,FORMALISM_THEATER|UNNECESSARY_SET_THEORY|ELEVATED_SELF_CITATION,code,True
mosteanu2022,2022,25,1,2022-v25-n1,Machine Learning and Robotic Process Automation Take Higher Education One Step Further,Narcisa Roxana Moşteanu,1,92-99,,research,1,80,55,20,0,56.25,42.19,22.19,CRITICAL,False,ELEVATED_SELF_CITATION|UNSUPPORTED_CLAIMS,none,False
gerger2022,2022,25,1,2022-v25-n1,Diagnosis of Parkinson's Disease Using Spiral Test Based on Pattern Recognition,Mustafa Gerger,2,100-113,,research,2,80,75,30,50,65.75,61.81,56.81,LIMITED,False,NO_LIMITATIONS,data,True
bal2022,2022,25,2,2022-v25-n2,The Impact of Features and Preprocessing on Automatic Text Summarization,Salih Bal,2,117-132,,research,2,0,92,55,0,45.95,34.46,24.0,CRITICAL,True,FORMALISM_THEATER|UNNECESSARY_SET_THEORY|NO_LIMITATIONS,none,True
lin2022,2022,25,2,2022-v25-n2,Fuzzy AHP-based Prioritization of the Optimal Alternative of External Equity Financing for Start-ups of Lending Company in Uncertain Environment,Chun-Yueh Lin,1,133-149,,research,2,80,85,40,0,71.75,53.81,48.81,LIMITED,False,NO_LIMITATIONS,none,True
verma2022,2022,25,2,2022-v25-n2,Computational Cost Reduction of Convolution Neural Networks by Insignificant Filter Removal,Amit Verma,3,150-165,,research,2,80,80,50,50,72.5,66.88,61.88,ADEQUATE,False,NO_LIMITATIONS,data,True
neculoiu2022,2022,25,2,2022-v25-n2,Compact Implementation of an RFID Tag with Electromagnetic Wave Polarization Diversity,Dan Neculoiu,3,170-178,,research,2,85,90,50,0,78.0,58.5,53.5,LIMITED,False,NO_LIMITATIONS,none,True
sularea2022,2022,25,2,2022-v25-n2,High Power Supply Rejection Capacitor-less Low Dropout Regulators Based on High Slew Rate Symmetrical Operational Transconductance Amplifiers,Iulian Sularea,3,179-204,,research,2,85,35,60,0,61.25,45.94,24.0,CRITICAL,True,EXCESSIVE_SELF_CITATION,none,True
beleca2022,2022,25,2,2022-v25-n2,Methods for Assessing the Stability of Conditionally Stable Circuits by Using Small-signal Simulations,Valentin Beleca,4,205-223,,research,2,80,80,55,0,73.75,55.31,55.31,LIMITED,False,,none,True
scharf2022,2022,25,2,2022-v25-n2,On the Reverse Breakdown Behavior of GaAs PIN Diodes for High Power Applications,Patrick Scharf,5,224-234,,research,2,85,95,75,0,86.0,64.5,64.5,ADEQUATE,False,,none,True
ilie2022,2022,25,2,2022-v25-n2,Battery Connected Linear Voltage Regulator for Very Low Current Consumption Automotive Applications,Ionuţ-Alin Ilie,4,235-245,,research,2,85,35,60,0,61.25,45.94,24.0,CRITICAL,True,EXCESSIVE_SELF_CITATION,none,True
gheorghe2022,2022,25,2,2022-v25-n2,Motion Algorithms for a Neuroprosthesis Equipped with Velostat Sensors,Mirela-Iuliana Gheorghe,6,246-259,,research,1,85,90,50,0,78.0,58.5,58.5,LIMITED,False,,none,True
tismanar2022,2022,25,2,2022-v25-n2,Vis-active TiO2 - rGO Photocatalysts for Advanced Wastewater Treatment,Ioana Tismanar,4,260-271,,research,2,85,80,55,0,75.75,56.81,56.81,LIMITED,False,,none,True
teodorescu2022,2022,25,3-4,2022-v25-n34,A Comparative Lexical Analysis of Three Romanian Works – The Etymological Metalepsis Role and Etymological Indices,Horia Nicolai Teodorescu,2,275-289,,research,2,0,60,50,0,33.5,25.12,24.0,CRITICAL,True,FORMALISM_THEATER|UNNECESSARY_SET_THEORY|ELEVATED_SELF_CITATION,none,True
ogutcu2022,2022,25,3-4,2022-v25-n34,Early Detection of Mortality in COVID-19 Patients Through Laboratory Findings with Factor Analysis and Artificial Neural Networks,Selçuk Öğütcü,6,290-302,,research,2,75,80,30,100,65.5,74.12,69.12,ADEQUATE,False,NO_LIMITATIONS,code_and_data,True
hirpara2022,2022,25,3-4,2022-v25-n34,State Estimation of Permanent Magnet Synchronous Motor Dynamics Using Higher-order Continuous-Discrete Filtering Equations,Ravish H. Hirpara,1,303-321,,research,2,80,75,35,0,67.0,50.25,45.25,LIMITED,False,NO_LIMITATIONS,none,True
madani2022,2022,25,3-4,2022-v25-n34,UV Effect on the Dielectric Properties of Al2O3/TiO2 Doped PVC,Lakhdar Madani,4,322-337,,research,2,0,90,25,0,37.75,28.31,24.0,CRITICAL,True,FORMALISM_THEATER|NO_LIMITATIONS,none,True
arican2022,2022,25,3-4,2022-v25-n34,An RGB-D Descriptor for Object Classification,Erkut Arican,2,338-349,,research,2,0,90,45,50,42.75,44.56,24.0,CRITICAL,True,FORMALISM_THEATER,data,True
ucgun2022,2022,25,3-4,2022-v25-n34,Test Platform and Graphical User Interface Design for Vertical Take-Off and Landing Drones,Hakan Ucgun,4,350-367,,research,1,85,80,40,0,72.0,54.0,54.0,LIMITED,False,,none,True
popescu2022,2022,25,3-4,2022-v25-n34,Improvements in Data Transfer for a MapReduce Accelerator,George-Vlăduț Popescu,1,368-380,,research,2,85,40,50,0,60.5,45.38,24.0,CRITICAL,True,EXCESSIVE_SELF_CITATION,none,True
chen2023,2023,26,1,2023-v26-n1,A Frequent Construction Mining Scheme Based on Syntax Tree,Bob Chen,3,3-20,,research,2,0,95,40,50,43.25,44.94,24.0,CRITICAL,True,FORMALISM_THEATER|DECORATIVE_DEFINITIONS|THEOREMLESS_FORMALISM|NO_LIMITATIONS,data,True
unguritu2023,2023,26,1,2023-v26-n1,Design and Assessment of an Anti-lock Braking System Controller,Maria-Geanina Unguritu,2,21-32,,research,2,85,85,55,0,77.5,58.12,58.12,LIMITED,False,,none,True
georgievatrifonova2023,2023,26,1,2023-v26-n1,Transforming 3D Models to Semantic Web Representation,Tsvetanka Georgieva-Trifonova,2,33-48,,research,1,85,95,60,100,82.25,86.69,86.69,STRONG,False,,code_and_data,True
abramov2023,2023,26,1,2023-v26-n1,"New Opportunities Model for Monitoring, Analyzing and Forecasting the Official Statistics on Coronavirus Disease Pandemic",Sergey M. Abramov,4,48-63,,research,2,0,10,20,50,8.5,18.88,18.88,CRITICAL,True,FORMALISM_THEATER|UNNECESSARY_SET_THEORY|IRRELEVANT_SELF_CITATION|ELEVATED_SELF_CITATION|UNSUPPORTED_CLAIMS,data,True
mathur2023,2023,26,1,2023-v26-n1,Linear Voltage Controlled Oscillator Implementation in Electronically Variable Immittances,Koushick Mathur,3,65-77,,research,2,80,60,50,0,65.5,49.12,39.12,CONCERNING,False,ELEVATED_SELF_CITATION|NO_LIMITATIONS,none,True
gaiseanu2023,2023,26,1,2023-v26-n1,Information: From Cognitive-Sentient Exploration of Reality to Predictive Big Data Assisted Informational Era,Florin Gaiseanu,1,78-99,,research,1,0,0,10,0,2.5,1.88,1.88,CRITICAL,True,FORMALISM_THEATER|EXCESSIVE_SELF_CITATION|IRRELEVANT_SELF_CITATION|UNSUPPORTED_CLAIMS|NO_LIMITATIONS,none,True
milicevic2023,2023,26,1,2023-v26-n1,Development of Microcomputers and Motor Control Software for Steel Pipe Cutting Units,Miroslav Milićević,2,100-117,,research,2,80,20,30,70,46.5,52.38,24.0,CRITICAL,True,EXCESSIVE_SELF_CITATION|IRRELEVANT_SELF_CITATION|UNSUPPORTED_CLAIMS,code,True
yurtkan2023,2023,26,2,2023-v26-n2,Student Success Prediction Using Feedforward Neural Networks,Kamil Yurtkan,3,121-136,,research,2,0,75,60,100,41.25,55.94,24.0,CRITICAL,True,FORMALISM_THEATER,code_and_data,True
mortazavi2023,2023,26,2,2023-v26-n2,Detecting Images with Adult Content Using SURF and Haar Wavelet,Mohammad Mortazavi T.,4,137-150,,research,2,0,80,40,0,38.0,28.5,24.0,CRITICAL,True,FORMALISM_THEATER|NO_LIMITATIONS,none,True
badovinac2023,2023,26,2,2023-v26-n2,Biometric Authentication Model Based on Transformation of Face Image into a PIN Number Usable During the Covid-19 Pandemic,Nenad Badovinac,2,151-162,,research,1,85,80,35,50,70.75,65.56,65.56,ADEQUATE,False,,data,True
onet2023,2023,26,2,2023-v26-n2,A Blended On-Campus and At-Home Approach to Laboratories on Electronic Circuits,Raul Onet,9,167-180,,research,1,85,88,45,0,76.05,57.04,52.04,LIMITED,False,NO_LIMITATIONS,none,True
pascu2023,2023,26,2,2023-v26-n2,Enhanced Method of Schottky Barrier Diodes Performance Assessment,Razvan Pascu,8,181-192,,research,2,88,62,72,0,74.9,56.18,51.18,LIMITED,False,ELEVATED_SELF_CITATION,none,True
ammar2023,2023,26,2,2023-v26-n2,"Design, Fabrication and Characterization of 10 kV 4H-SiC BJT for the Phototransistor Target",Ali Ammar,12,193-204,,research,2,85,58,48,0,66.3,49.72,39.72,CONCERNING,False,ELEVATED_SELF_CITATION|NO_LIMITATIONS,none,True
romanitan2023,2023,26,2,2023-v26-n2,Relationship Between Structural and Optical Properties in Vanadium Pentoxide,Cosmin Romanitan,12,205-217,,research,2,85,90,62,0,81.0,60.75,55.75,LIMITED,False,NO_LIMITATIONS,none,True
vasilache2023,2023,26,2,2023-v26-n2,Development of 0-level Packaged Dual SAW Pressure and Temperature Sensors on GaN Thin Membranes,Dan Vasilache,12,218-226,,research,2,85,55,50,0,65.75,49.31,39.31,CONCERNING,False,ELEVATED_SELF_CITATION|NO_LIMITATIONS,none,True
chiriac2023,2023,26,2,2023-v26-n2,Ultrasensitive Electrochemical Sensor Based on Vertical Graphene for SARS-CoV-2 Protein N Detection,Eugen Chiriac,9,227-237,,research,2,85,75,35,0,69.0,51.75,46.75,LIMITED,False,NO_LIMITATIONS,none,True
beydoun2023,2023,26,2,2023-v26-n2,SiC Plasma and Electrochemical Etching for Integrated Technology Processes,Nour Beydoun,3,238-246,,research,2,85,35,45,0,57.5,43.12,24.0,CRITICAL,True,EXCESSIVE_SELF_CITATION|NO_LIMITATIONS,none,True
paun2023,2023,26,3-4,2023-v26-n34,Infinite Spike Trains in Spiking Neural P Systems,Gheorghe Păun,3,251-275,,research,4,85,40,75,0,66.75,50.06,24.0,CRITICAL,True,EXCESSIVE_SELF_CITATION,none,False
duca2023,2023,26,3-4,2023-v26-n34,Approach to Evaluate the Data of Moss Biomonitoring Studies: Preprocessing and Preliminary Ranking,Gheorghe Duca,4,276-288,,research,2,0,20,45,50,18.25,26.19,24.0,CRITICAL,True,FORMALISM_THEATER|IRRELEVANT_SELF_CITATION|ELEVATED_SELF_CITATION,data,True
stefan2023,2023,26,3-4,2023-v26-n34,Meaning in Action: a Qualitative Approach of Information,Gheorghe M. Ştefan,1,289-300,,research,1,0,90,55,0,45.25,33.94,24.0,CRITICAL,True,FORMALISM_THEATER|DECORATIVE_DEFINITIONS|DISPROPORTIONATE_FORMALISM,none,False
cozma2023,2023,26,3-4,2023-v26-n34,AHB Interconnect - Functional Verification,Andrei Cozma,2,301-311,,research,1,85,85,50,0,76.25,57.19,57.19,LIMITED,False,,none,True
teodorescu2023b,2023,26,3-4,2023-v26-n34,Twitter's Mirroring of the 2022 Energy Crisis: What It Teaches Decision-Makers - A Preliminary Study,Horia-Nicolai L. Teodorescu,2,312-322,,research,2,80,85,50,0,74.25,55.69,55.69,LIMITED,False,,none,True
protic2023,2023,26,3-4,2023-v26-n34,XOR-Based Detector of Different Decisions on Anomalies in the Computer Network Traffic,Danijela Protic,2,323-338,,research,2,0,75,40,50,36.25,39.69,24.0,CRITICAL,True,FORMALISM_THEATER,data,True
mirnalinee2023,2023,26,3-4,2023-v26-n34,A Data Hiding Approach for Secured Data Communication,T. T. Mirnalinee,3,339-350,,research,2,0,75,30,0,33.75,25.31,24.0,CRITICAL,True,FORMALISM_THEATER|UNNECESSARY_SET_THEORY|NO_LIMITATIONS,none,True
kilic2023,2023,26,3-4,2023-v26-n34,Binary Anarchic Society Optimization for Feature Selection,Umit Kilic,3,351-364,,research,2,75,80,55,50,71.75,66.31,66.31,ADEQUATE,False,,data,True
bratan2023,2023,26,3-4,2023-v26-n34,Using Swear Words Increases the Irritability - a Study Using AI Algorithms,Costin Andrei Bratan,11,365-374,,research,2,80,80,20,0,65.0,48.75,28.75,CONCERNING,False,UNSUPPORTED_CLAIMS|NO_LIMITATIONS,none,True
mihalache2023,2023,26,3-4,2023-v26-n34,"Speech Emotion Recognition Using Deep Neural Networks, Transfer Learning, and Ensemble Classification Techniques",Serban Mihalache,2,375-387,,research,2,85,95,70,50,84.75,76.06,76.06,ADEQUATE,False,,data,True
antonescu2024,2024,27,1,2024-v27-n1,Multi-Function Scan Circuit for Assisting the Parallel Computational Map Pattern,Mihai Antonescu,2,1-18,,research,2,85,85,60,0,78.75,59.06,59.06,LIMITED,False,,none,True
hentout2024,2024,27,1,2024-v27-n1,Shortest Path Planning and Efficient Fuzzy Logic Control of Mobile Robots in Indoor Static and Dynamic Environments,Abdelfetah Hentout,3,21-36,,research,2,0,78,45,0,38.55,28.91,24.0,CRITICAL,True,FORMALISM_THEATER|UNNECESSARY_SET_THEORY,none,True
hafs2024,2024,27,1,2024-v27-n1,Enhancing Recognition in Multimodal Biometric Systems: Score Normalization and Fusion of Online Signatures and Fingerprints,Toufik Hafs,5,37-49,,research,2,70,75,30,50,61.75,58.81,38.81,CONCERNING,False,UNSUPPORTED_CLAIMS|NO_LIMITATIONS,data,True
roman2024,2024,27,1,2024-v27-n1,Hybrid Data-Driven Active Disturbance Rejection Sliding Mode Control with Tower Crane Systems Validation,Raul-Cristian Roman,4,50-64,,research,3,82,55,40,0,62.05,46.54,41.54,LIMITED,False,ELEVATED_SELF_CITATION,none,True
popescu2024,2024,27,1,2024-v27-n1,Software Platform Based on the hLARM Formalism for Modeling Complex Systems,Dragos Constantin Popescu,2,65-80,,research,1,0,95,20,0,38.25,28.69,24.0,CRITICAL,True,FORMALISM_THEATER|UNSUPPORTED_CLAIMS|NO_LIMITATIONS,none,True
shambour2024,2024,27,1,2024-v27-n1,An Effective Doctor Recommendation Algorithm for Online Healthcare Platforms,Qusai Y. Shambour,3,81-93,,research,2,75,55,40,0,59.25,44.44,34.44,CONCERNING,False,ELEVATED_SELF_CITATION|NO_LIMITATIONS,none,True
mone2024,2024,27,1,2024-v27-n1,Multi-participant Decision-making Based on Digital Platforms: A Case Study for the Romanian Academy,Firicel Mone,3,94-105,,research,2,65,80,25,0,60.25,45.19,25.19,CONCERNING,False,UNSUPPORTED_CLAIMS|NO_LIMITATIONS,none,True
ning2024,2024,27,1,2024-v27-n1,Neural Network-based Pattern Recognition in the Framework of Edge Computing,Jing Ning,1,106-119,,research,2,60,60,10,50,47.5,48.12,28.12,CONCERNING,False,UNSUPPORTED_CLAIMS|NO_LIMITATIONS,data,True
antonescu2024a,2024,27,2,2024-v27-n2,FFT on a Heterogeneous System with a General-Purpose Map-Scan Accelerator,Mihai Antonescu,2,123-136,,research,2,80,40,65,0,62.25,46.69,24.0,CRITICAL,True,EXCESSIVE_SELF_CITATION,none,True
serban2024,2024,27,2,2024-v27-n2,Some Considerations about the Sensing Mechanisms and Electrical Response of Carbon Nanohorns-based Gas Sensors,Bogdan-Catalin Serban,7,137-150,,research,1,85,35,40,0,56.25,42.19,24.0,CRITICAL,True,EXCESSIVE_SELF_CITATION|NO_LIMITATIONS,none,False
taskin2024,2024,27,2,2024-v27-n2,Real-Time Low Energy Indoor Positioning System to Efficient Use of Operating Theaters with Medical Asset and Staff Tracking,Deniz Taşkın,4,151-165,,research,1,0,80,35,30,36.75,35.06,24.0,CRITICAL,True,FORMALISM_THEATER,claimed,True
bunea2024,2024,27,2,2024-v27-n2,Passive Radio Frequency Identification Tag with Frequency Doubler and Energy Harvesting,Alina-Cristina Bunea,3,172-182,,research,2,85,80,70,0,79.5,59.62,59.62,LIMITED,False,,none,True
grosu2024,2024,27,2,2024-v27-n2,On the Modelling Possibilities of Integrated Circuits Behavior Using Active Learning Principles,Vasile Grosu,4,183-195,,research,2,80,95,50,0,77.75,58.31,53.31,LIMITED,False,NO_LIMITATIONS,none,True
pristavu2024,2024,27,2,2024-v27-n2,Accurate Numerical Methods for Modeling Forward Characteristics of High Temperature Capable Schottky Diodes,Gheorghe Pristavu,8,196-206,,research,2,85,60,60,0,70.0,52.5,47.5,LIMITED,False,ELEVATED_SELF_CITATION,none,True
bulzan2024,2024,27,2,2024-v27-n2,Theoretical Studies of Intensity and Phase Based Surface Plasmon Resonance Sensors,George Andrei Bulzan,3,207-216,,research,2,85,65,50,50,69.25,64.44,59.44,LIMITED,False,ELEVATED_SELF_CITATION,data,True
calinescu2024,2024,27,2,2024-v27-n2,8-bit Dynamic Element Matching based Feedback Controller Applied to an Instrumentation Amplifier,Alex Calinescu,4,217-228,,research,2,85,92,50,0,78.7,59.02,54.02,LIMITED,False,NO_LIMITATIONS,none,True
romanitan2024,2024,27,2,2024-v27-n2,Microstructure of VO2 Thin Films Synthesized by Pulsed Laser Deposition,Cosmin Romanitan,8,229-240,,research,2,85,95,50,0,79.75,59.81,59.81,LIMITED,False,,none,True
brezeanu2024,2024,27,2,2024-v27-n2,Improved Serial Peripheral Interface Controller Based on Scan Architecture,Ionelia-Bianca Brezeanu,3,241-251,,research,1,85,92,50,0,78.7,59.02,59.02,LIMITED,False,,none,True
lu2024,2024,27,3-4,2024-v27-n34,Dimension-Reduced Modeling for Local Volatility Surface via Unsupervised Learning,Zheng-Liang Lu,2,255-266,,research,2,80,85,60,0,76.75,57.56,52.56,LIMITED,False,NO_LIMITATIONS,none,True
ulmamei2024,2024,27,3-4,2024-v27-n34,An Approach for Implementing Electronic Image Stabilization Using an FPGA System,Andrei-Alexandru Ulmămei,2,267-280,,research,2,80,85,55,50,75.5,69.12,69.12,ADEQUATE,False,,data,True
gemikonakli2024,2024,27,3-4,2024-v27-n34,A Queuing Model to Evaluate the Network Performance Considering the Heterogeneity and Mobility of Relay Nodes in Disaster Area,Eser Gemikonakli,1,281-294,,research,2,80,70,50,0,69.0,51.75,46.75,LIMITED,False,NO_LIMITATIONS,none,True
essiz2024,2024,27,3-4,2024-v27-n34,Deep Learning-Based Prediction Models for the Detection of Vitamin D Deficiency and 25-Hydroxyvitamin D Levels Using Complete Blood Count Tests,Uğur Engin Eşsiz,4,295-309,,research,2,0,75,40,0,36.25,27.19,24.0,CRITICAL,True,FORMALISM_THEATER|NO_LIMITATIONS,none,True
travin2024,2024,27,3-4,2024-v27-n34,Statistical Computational Model of Fission Products Composition of Irradiated Nuclear Fuel and Their Contribution to Gas-aerosol Emissions of Nuclear Power Plants,Sergey Travin,4,310-322,,research,2,75,0,40,50,40.0,42.5,24.0,CRITICAL,True,IRRELEVANT_SELF_CITATION,data,True
cascaval2024,2024,27,3-4,2024-v27-n34,Near-optimal March Tests for Three-Cell and Four-Cell Coupling Fault Models in Random-Access Memories,Petru Caşcaval,2,323-335,,research,3,85,60,65,0,71.25,53.44,48.44,LIMITED,False,ELEVATED_SELF_CITATION,none,True
yalda2024,2024,27,3-4,2024-v27-n34,Network Traffic Prediction Performance Using LSTM,Khirota Yalda,4,336-347,,research,2,0,85,45,50,41.0,43.25,24.0,CRITICAL,True,FORMALISM_THEATER,data,True
wen2024,2024,27,3-4,2024-v27-n34,Stable Levitation of Single-point Levitation Systems for Maglev Trains by Improved Cascade Control,Jie Wen,2,348-361,,research,2,75,85,55,0,73.5,55.12,55.12,LIMITED,False,,none,True
milea2024,2024,27,3-4,2024-v27-n34,Design and Implementation of an Automated Instrument for Battery Charging Experiments,Petru-Lucian Milea,2,362-378,,research,1,80,90,60,0,78.5,58.88,58.88,LIMITED,False,,none,True
milicevic2025,2025,28,1,2025-v28-n1,Three-Position Temperature Control of a Nonlinear Process Model with Time Delay,Miroslav S. Milićević,2,17-28,,research,2,75,40,50,100,56.5,67.38,24.0,CRITICAL,True,ELEVATED_SELF_CITATION|IRRELEVANT_SELF_CITATION,code_and_data,True
aguerotrejo2025,2025,28,1,2025-v28-n1,Randomness and One-way Functions,José Manuel Agüero Trejo,2,29-38,,research,2,70,35,50,50,52.75,52.06,24.0,CRITICAL,True,EXCESSIVE_SELF_CITATION,data,True
colbu2025,2025,28,1,2025-v28-n1,Long-term Power Generation Prediction in Photovoltaics Using Machine Learning-based Models,Stefania-Cristiana Colbu,3,39-50,,research,2,75,95,55,50,77.0,70.25,70.25,ADEQUATE,False,,data,True
cristea2025,2025,28,1,2025-v28-n1,Behavioral Modelling of Analog Computing Circuit for a Synapse of any Neuron in Artificial Neural Networks,Miron Cristea,3,51-62,,research,2,85,85,45,0,75.0,56.25,56.25,LIMITED,False,,none,True
mateescu2025,2025,28,1,2025-v28-n1,Machine Learning Control for Assistive Humanoid Robots Using Blackbox Optimization of PID Loops Through Digital Twins,Andrei Mateescu,7,63-76,,research,2,85,95,55,0,81.0,60.75,60.75,ADEQUATE,False,,none,True
serban2025,2025,28,1,2025-v28-n1,Carbon Nano-Onions-Based Matrix Nanocomposite as Sensing Film for Resistive Humidity Sensor,Bogdan-Catalin Serban,10,77-88,,research,2,85,35,50,0,58.75,44.06,24.0,CRITICAL,True,EXCESSIVE_SELF_CITATION,none,True
roman2025,2025,28,1,2025-v28-n1,Higher-Order Model-Free Control Tuned by Fictitious Reference Iterative Tuning for 3D Cranes,Raul-Cristian Roman,3,89-102,,research,2,70,55,50,0,59.75,44.81,39.81,CONCERNING,False,ELEVATED_SELF_CITATION,none,True
karadeniz2025,2025,28,1,2025-v28-n1,Mobile Robot Environment Representation Through Fuzzy Signatures-Integrated Quadtrees,Ahmet Mehmet Karadeniz,3,103-116,,research,1,0,55,30,70,26.75,37.56,24.0,CRITICAL,True,FORMALISM_THEATER|UNNECESSARY_SET_THEORY|ELEVATED_SELF_CITATION|UNSUPPORTED_CLAIMS,code,True
bunea2025,2025,28,2,2025-v28-n2,Measurement of Electromagnetic Feedthrough in Spin Wave Based Microwave Multiport Devices,Alina-Cristina Bunea,6,125-137,10.59277/ROMJIST.2025.2.01,research,2,85,40,75,0,66.75,50.06,24.0,CRITICAL,True,EXCESSIVE_SELF_CITATION,none,True
bonev2025,2025,28,2,2025-v28-n2,Inclusion of Mechanical Stress Effects in a Compact MOSFET Model,Nikolay Bonev,3,138-149,10.59277/ROMJIST.2025.2.02,research,2,85,92,78,0,85.7,64.27,64.27,ADEQUATE,False,,none,True
moise2025,2025,28,2,2025-v28-n2,Circuit Techniques for Enhancing Output Current Accuracy in Floating Gate Drivers,Vlad Moise,3,150-160,10.59277/ROMJIST.2025.2.03,research,2,85,90,78,0,85.0,63.75,63.75,ADEQUATE,False,,none,True
sdrulla2025,2025,28,2,2025-v28-n2,The Force Extraction Concept with Application to Power IGBTs,Dumitru Sdrulla,8,161-172,10.59277/ROMJIST.2025.2.04,research,2,80,60,60,0,68.0,51.0,41.0,LIMITED,False,ELEVATED_SELF_CITATION|NO_LIMITATIONS,none,True
bulzan2025,2025,28,2,2025-v28-n2,Separation of Different Orbital Angular Momentum Photon States with Log-pol Transformation,George Andrei Bulzan,5,173-184,10.59277/ROMJIST.2025.2.05,research,2,80,92,62,0,79.7,59.77,59.77,LIMITED,False,,none,True
alabdullah2025,2025,28,2,2025-v28-n2,Impact of Scaling and Interface Roughness on Drain Current in Nanosheet and Nanowire FETs: A 3D Monte Carlo Analysis,Murad Alabdullah,4,185-196,10.59277/ROMJIST.2025.2.06,research,2,80,40,76,0,65.0,48.75,24.0,CRITICAL,True,EXCESSIVE_SELF_CITATION,none,True
dumitru2025,2025,28,2,2025-v28-n2,Design Space Exploration of Current-Starved Ring Oscillators Based on Graphene Nanoribbons,Florin-Silviu Dumitru,5,197-209,10.59277/ROMJIST.2025.2.07,research,2,85,60,72,0,73.0,54.75,49.75,LIMITED,False,ELEVATED_SELF_CITATION,none,True
calinescu2025,2025,28,2,2025-v28-n2,An Area-Optimized Digitally-Assisted DAC Employing a Matrix-Based DEM Scheme,Alex Calinescu,3,210-222,10.59277/ROMJIST.2025.2.08,research,2,85,62,76,0,74.7,56.03,51.03,LIMITED,False,ELEVATED_SELF_CITATION,none,True
popescu2025,2025,28,2,2025-v28-n2,First and Second Order Digital Circuits with Neuronal Models under Pulses Train Stimulus,Mihai Popescu,3,223-232,10.59277/ROMJIST.2025.2.09,research,1,80,78,55,0,73.05,54.79,54.79,LIMITED,False,,none,True
medinceanu2025,2025,28,2,2025-v28-n2,GaN Bootstrapped Logic Gates Analytical Modeling and Design Insights,Paul-Catalin Medinceanu,2,233-244,10.59277/ROMJIST.2025.2.10,research,2,85,95,80,0,87.25,65.44,65.44,ADEQUATE,False,,none,True
vatavu2025,2025,28,3,2025-v28-n3,Conducting Human-Computer Interaction Scientific Experiments in Extreme Environments: Insights from Analog Mars Missions,Radu-Daniel Vatavu,7,247-259,10.59277/ROMJIST.2025.3.01,research,2,85,80,65,0,78.25,58.69,58.69,LIMITED,False,,none,True
zavadskas2025,2025,28,3,2025-v28-n3,Intelligent Expert Systems Using Molecular Fuzzy Genetic Algorithms and Multi-Objective Particle Swarm Optimization for Circular-Oriented Project Investments,Edmundas Kazimieras Zavadskas,4,260-273,10.59277/ROMJIST.2025.3.02,research,2,0,75,40,0,36.25,27.19,24.0,CRITICAL,True,FORMALISM_THEATER|UNNECESSARY_SET_THEORY,none,True
milicevic2025a,2025,28,3,2025-v28-n3,Design of a Microcomputer for Controlling a Servo System for Cutting Steel Pipes,Miroslav S. Milićević,2,274-285,10.59277/ROMJIST.2025.3.03,research,2,80,65,35,0,63.5,47.62,42.62,LIMITED,False,NO_LIMITATIONS,none,True
casquilho2025,2025,28,3,2025-v28-n3,Effect of Random Variation of the Initial Values of Ordinary Differential Equations and its Web-based Application to Chemical Kinetics,Miguel Casquilho,3,286-298,10.59277/ROMJIST.2025.3.04,research,2,78,55,60,100,65.45,74.09,69.09,ADEQUATE,False,ELEVATED_SELF_CITATION,code_and_data,True
precup2025,2025,28,3,2025-v28-n3,"Problem Setting for Trajectory Planning and Cruise Control of a Connected Autonomous Electric Bus in Intersection Scenarios with Human-Driven Vehicles to Optimize Energy, Comfort and Tracking",Radu-Emil Precup,4,299-312,10.59277/ROMJIST.2025.3.05,research,2,0,25,25,0,15.0,11.25,11.25,CRITICAL,True,FORMALISM_THEATER|UNNECESSARY_SET_THEORY|IRRELEVANT_SELF_CITATION|ELEVATED_SELF_CITATION|UNSUPPORTED_CLAIMS,none,True
balaban2025,2025,28,4,2025-v28-n4,112 Emergency Video Call Response Pipeline for Car Crashes Using Computer Vision and Natural Language Processing,Béatrix-May Balaban,3,315-326,10.59277/ROMJIST.2025.4.01,research,1,85,92,40,0,76.2,57.15,52.15,LIMITED,False,NO_LIMITATIONS,none,True
meng2025,2025,28,4,2025-v28-n4,Deep Reinforcement Learning and Metaheuristic Approaches to Maximize Downlink Sum-Rate for Internet of Things Systems in Non-Orthogonal Multiple Access-based Space-Air-Ground Integrated Networks,Sothearath Meng,4,327-340,10.59277/ROMJIST.2025.4.02,research,2,80,65,40,0,64.75,48.56,43.56,LIMITED,False,NO_LIMITATIONS,none,True
li2025,2025,28,4,2025-v28-n4,Design and Simulation of Integrated Radio Frequency Transmitter for Wireless Sensor Network Applications,Zhenyao Li,4,341-352,10.59277/ROMJIST.2025.4.03,research,2,80,55,40,0,61.25,45.94,24.0,CRITICAL,True,IRRELEVANT_SELF_CITATION,none,True
mocanu2025,2025,28,4,2025-v28-n4,Miniaturized High Frequency Ratio Quadrature Coupler for Dual Band Wireless Systems,Iulia Andreea Mocanu,3,353-364,10.59277/ROMJIST.2025.4.04,research,2,85,92,62,0,81.7,61.27,61.27,ADEQUATE,False,,none,True
teodorescu2025,2025,28,4,2025-v28-n4,AI Texts under the Etymologic Lens,Mike H. M. Teodorescu,3,365-376,10.59277/ROMJIST.2025.4.05,research,2,82,60,42,50,64.3,60.73,55.73,LIMITED,False,ELEVATED_SELF_CITATION,data,True
lazarescu2025,2025,28,4,2025-v28-n4,Personalized Movement Algorithms for Neural Forearm Prostheses Using Convolutional Neural Networks,Sorin Lazarescu,12,377-384,10.59277/ROMJIST.2025.4.06,research,1,80,80,15,0,63.75,47.81,27.81,CONCERNING,False,UNSUPPORTED_CLAIMS|NO_LIMITATIONS,none,True
